 ,model,top_speed_kmh,battery_capacity_kWh,number_of_cells,torque_nm,range_km,acceleration_0_100_s,fast_charging_power_kw_dc,fast_charge_port,towing_capacity_kg,cargo_volume_l,seats,drivetrain,segment,length_mm,width_mm,height_mm,car_body_type,source_url,volume,battery/volume, size sum,battery/size
Abarth,500e Convertible,155,38.0,192.0,235,225,7.0,67.0,CCS,0,185,4,FWD,B - Compact,3673,1683,1518,Hatchback,https://ev-database.org/car/1904/Abarth-500e-Convertible,9.383758362,4.049550141,6.874,5.528076811
Abarth,500e Hatchback,155,38.0,192.0,235,225,7.0,67.0,CCS,0,185,4,FWD,B - Compact,3673,1683,1518,Hatchback,https://ev-database.org/car/1903/Abarth-500e-Hatchback,9.383758362,4.049550141,6.874,5.528076811
Abarth,600e Scorpionissima,200,51.0,102.0,345,280,5.9,79.0,CCS,0,360,5,FWD,JB - Compact,4187,1779,1557,SUV,https://ev-database.org/car/3057/Abarth-600e-Scorpionissima,11.59758386,4.397467663,7.523,6.779210421
Abarth,600e Turismo,200,51.0,102.0,345,280,6.2,79.0,CCS,0,360,5,FWD,JB - Compact,4187,1779,1557,SUV,https://ev-database.org/car/3056/Abarth-600e-Turismo,11.59758386,4.397467663,7.523,6.779210421
Aiways,U5,150,60.0,243.0,310,315,7.5,78.0,CCS,857,496,5,FWD,JC - Medium,4680,1865,1700,SUV,https://ev-database.org/car/1678/Aiways-U5,14.83794,4.043688005,8.245,7.277137659
Aiways,U6,160,60.0,186.0,315,350,7.0,78.0,CCS,1036,472,5,FWD,JC - Medium,4805,1880,1641,SUV,https://ev-database.org/car/1766/Aiways-U6,14.8238094,4.047542597,8.326,7.206341581
Alfa,Romeo Junior Elettrica 54 kWh,150,51.0,102.0,260,320,9.0,85.0,CCS,0,400,5,FWD,JB - Compact,4173,1781,1532,SUV,https://ev-database.org/car/2184/Alfa-Romeo-Junior-Elettrica-54-kWh,11.38599712,4.479186099,7.486,6.812717072
Alfa,Romeo Junior Elettrica 54 kWh Veloce,200,51.0,102.0,345,310,6.0,85.0,CCS,0,400,5,FWD,JB - Compact,4173,1781,1505,SUV,https://ev-database.org/car/2185/Alfa-Romeo-Junior-Elettrica-54-kWh-Veloce,11.18533007,4.55954359,7.459,6.837377665
Alpine,A290 Electric 180 hp,160,52.0,184.0,285,310,7.4,70.0,CCS,500,326,5,FWD,B - Compact,3997,1823,1512,Hatchback,https://ev-database.org/car/2268/Alpine-A290-Electric-180-hp,11.01723487,4.719877592,7.332,7.092198582
Alpine,A290 Electric 220 hp,170,52.0,184.0,300,305,6.4,70.0,CCS,500,326,5,FWD,B - Compact,3997,1823,1512,Hatchback,https://ev-database.org/car/2269/Alpine-A290-Electric-220-hp,11.01723487,4.719877592,7.332,7.092198582
Audi,A6 Avant e-tron,210,76.0,150.0,435,465,6.0,150.0,CCS,2100,502,5,RWD,JE - Executive,4928,1923,1455,Station/Estate,https://ev-database.org/car/3055/Audi-A6-Avant-e-tron,13.78837152,5.511890936,8.306,9.150012039
Audi,A6 Avant e-tron performance,210,95.0,180.0,565,575,5.4,200.0,CCS,2100,502,5,RWD,JE - Executive,4928,1923,1455,Station/Estate,https://ev-database.org/car/2272/Audi-A6-Avant-e-tron-performance,13.78837152,6.88986367,8.306,11.43751505
Audi,A6 Avant e-tron quattro,210,95.0,180.0,855,560,4.5,200.0,CCS,2100,502,5,AWD,JE - Executive,4928,1923,1455,Station/Estate,https://ev-database.org/car/3054/Audi-A6-Avant-e-tron-quattro,13.78837152,6.88986367,8.306,11.43751505
Audi,A6 Sportback e-tron,210,76.0,150.0,435,495,6.0,150.0,CCS,2100,502,5,RWD,JE - Executive,4928,1923,1455,Liftback Sedan,https://ev-database.org/car/3053/Audi-A6-Sportback-e-tron,13.78837152,5.511890936,8.306,9.150012039
Audi,A6 Sportback e-tron performance,210,95.0,180.0,565,610,5.4,200.0,CCS,2100,502,5,RWD,JE - Executive,4928,1923,1455,Liftback Sedan,https://ev-database.org/car/2270/Audi-A6-Sportback-e-tron-performance,13.78837152,6.88986367,8.306,11.43751505
Audi,A6 Sportback e-tron quattro,210,95.0,180.0,855,590,4.7,200.0,CCS,2100,502,5,AWD,JE - Executive,4928,1923,1455,Liftback Sedan,https://ev-database.org/car/3052/Audi-A6-Sportback-e-tron-quattro,13.78837152,6.88986367,8.306,11.43751505
Audi,Q4 Sportback e-tron 40,160,59.0,216.0,310,340,8.1,110.0,CCS,1000,520,5,RWD,JC - Medium,4588,1865,1614,SUV,https://ev-database.org/car/3149/Audi-Q4-Sportback-e-tron-40,13.81038468,4.272147472,8.067,7.313747366
Audi,Q4 Sportback e-tron 45,180,77.0,288.0,545,435,6.7,120.0,CCS,1000,535,5,RWD,JC - Medium,4588,1865,1614,SUV,https://ev-database.org/car/2016/Audi-Q4-Sportback-e-tron-45,13.81038468,5.575514498,8.067,9.545060121
Audi,Q4 Sportback e-tron 45 quattro,180,77.0,288.0,679,410,6.6,120.0,CCS,1200,535,5,AWD,JC - Medium,4588,1865,1614,SUV,https://ev-database.org/car/2017/Audi-Q4-Sportback-e-tron-45-quattro,13.81038468,5.575514498,8.067,9.545060121
Audi,Q4 Sportback e-tron 55 quattro,180,77.0,288.0,679,415,5.4,120.0,CCS,1200,535,5,AWD,JC - Medium,4588,1865,1614,SUV,https://ev-database.org/car/2018/Audi-Q4-Sportback-e-tron-55-quattro,13.81038468,5.575514498,8.067,9.545060121
Audi,Q4 e-tron 40,160,59.0,216.0,310,325,8.1,110.0,CCS,1000,520,5,RWD,JC - Medium,4588,1865,1632,SUV,https://ev-database.org/car/3148/Audi-Q4-e-tron-40,13.96440384,4.225028199,8.085,7.29746444
Audi,Q4 e-tron 45,180,77.0,288.0,545,420,6.7,120.0,CCS,1000,520,5,RWD,JC - Medium,4588,1865,1632,SUV,https://ev-database.org/car/2013/Audi-Q4-e-tron-45,13.96440384,5.514019852,8.085,9.523809524
Audi,Q4 e-tron 45 quattro,180,77.0,288.0,679,395,6.6,120.0,CCS,1200,520,5,AWD,JC - Medium,4588,1865,1632,SUV,https://ev-database.org/car/2014/Audi-Q4-e-tron-45-quattro,13.96440384,5.514019852,8.085,9.523809524
Audi,Q4 e-tron 55 quattro,180,77.0,288.0,679,395,5.4,120.0,CCS,1200,520,5,AWD,JC - Medium,4588,1865,1632,SUV,https://ev-database.org/car/2015/Audi-Q4-e-tron-55-quattro,13.96440384,5.514019852,8.085,9.523809524
Audi,Q6 e-tron,210,76.0,150.0,450,395,7.0,150.0,CCS,2000,526,5,RWD,JD - Large,4771,1939,1685,SUV,https://ev-database.org/car/2281/Audi-Q6-e-tron,15.58788277,4.87558196,8.395,9.053007743
Audi,Q6 e-tron Sportback,210,76.0,150.0,450,410,7.0,150.0,CCS,2000,511,5,RWD,JD - Large,4771,1939,1665,SUV,https://ev-database.org/car/3041/Audi-Q6-e-tron-Sportback,15.40286339,4.934147509,8.375,9.074626866
Audi,Q6 e-tron Sportback performance,210,95.0,180.0,485,510,6.6,190.0,CCS,2000,511,5,RWD,JD - Large,4771,1939,1665,SUV,https://ev-database.org/car/3042/Audi-Q6-e-tron-Sportback-performance,15.40286339,6.167684386,8.375,11.34328358
Audi,Q6 e-tron Sportback quattro,210,95.0,180.0,855,500,5.9,200.0,CCS,2400,511,5,AWD,JD - Large,4771,1939,1665,SUV,https://ev-database.org/car/3043/Audi-Q6-e-tron-Sportback-quattro,15.40286339,6.167684386,8.375,11.34328358
Audi,Q6 e-tron performance,210,95.0,180.0,485,490,6.6,190.0,CCS,2000,526,5,RWD,JD - Large,4771,1939,1685,SUV,https://ev-database.org/car/2215/Audi-Q6-e-tron-performance,15.58788277,6.09447745,8.395,11.31625968
Audi,Q6 e-tron quattro,210,95.0,180.0,855,480,5.9,200.0,CCS,2400,450,5,AWD,JD - Large,4771,1939,1685,SUV,https://ev-database.org/car/2146/Audi-Q6-e-tron-quattro,15.58788277,6.09447745,8.395,11.31625968
Audi,S6 Avant e-tron,240,95.0,180.0,855,530,3.9,200.0,CCS,2100,502,5,AWD,JE - Executive,4928,1923,1493,Station/Estate,https://ev-database.org/car/2273/Audi-S6-Avant-e-tron,14.14848019,6.714502103,8.344,11.38542665
Audi,S6 Sportback e-tron,240,95.0,180.0,855,555,3.9,200.0,CCS,2100,502,5,AWD,JE - Executive,4928,1923,1465,Liftback Sedan,https://ev-database.org/car/2271/Audi-S6-Sportback-e-tron,13.88313696,6.842833884,8.316,11.42376142
Audi,SQ6 e-tron,230,95.0,180.0,855,470,4.3,200.0,CCS,2400,514,5,AWD,JD - Large,4771,1965,1685,SUV,https://ev-database.org/car/2147/Audi-SQ6-e-tron,15.79690028,6.013838053,8.421,11.28132051
Audi,SQ6 e-tron Sportback,230,95.0,180.0,855,495,4.3,200.0,CCS,2400,511,5,AWD,JD - Large,4771,1965,1665,SUV,https://ev-database.org/car/3044/Audi-SQ6-e-tron-Sportback,15.60939998,6.086076348,8.401,11.3081776
Audi,e-tron GT RS,250,97.0,396.0,865,525,2.8,281.0,CCS,0,350,4,AWD,F - Luxury,4997,1964,1389,Sedan,https://ev-database.org/car/2220/Audi-e-tron-GT-RS,13.63179601,7.115716808,8.35,11.61676647
Audi,e-tron GT RS performance,250,97.0,396.0,1027,525,2.5,281.0,CCS,0,350,4,AWD,F - Luxury,4997,1964,1389,Sedan,https://ev-database.org/car/2221/Audi-e-tron-GT-RS-performance,13.63179601,7.115716808,8.35,11.61676647
Audi,e-tron GT S,245,97.0,396.0,740,540,3.4,281.0,CCS,0,405,4,AWD,F - Luxury,5004,1964,1394,Sedan,https://ev-database.org/car/2219/Audi-e-tron-GT-S,13.70003126,7.080275813,8.362,11.60009567
Audi,e-tron GT quattro,245,97.0,396.0,625,540,4.0,281.0,CCS,0,405,4,AWD,F - Luxury,5004,1964,1394,Sedan,https://ev-database.org/car/3182/Audi-e-tron-GT-quattro,13.70003126,7.080275813,8.362,11.60009567
BMW,i4 M50,225,81.0,326.0,795,450,3.9,131.0,CCS,1600,470,5,AWD,D - Large,4783,1852,1448,Liftback Sedan,https://ev-database.org/car/2201/BMW-i4-M50,12.82655197,6.315025285,8.083,10.0210318
BMW,i4 eDrive35,190,67.0,316.0,400,430,6.0,95.0,CCS,1600,470,5,RWD,D - Large,4783,1852,1448,Liftback Sedan,https://ev-database.org/car/2198/BMW-i4-eDrive35,12.82655197,5.223539433,8.083,8.289001608
BMW,i4 eDrive40,190,81.0,321.0,430,515,5.6,131.0,CCS,1600,470,5,RWD,D - Large,4783,1852,1448,Liftback Sedan,https://ev-database.org/car/2199/BMW-i4-eDrive40,12.82655197,6.315025285,8.083,10.0210318
BMW,i4 xDrive40,200,81.0,370.0,600,490,5.1,131.0,CCS,1600,470,5,AWD,D - Large,4783,1852,1448,Liftback Sedan,https://ev-database.org/car/2200/BMW-i4-xDrive40,12.82655197,6.315025285,8.083,10.0210318
BMW,i5 M60 xDrive Sedan (MY25),230,81.0,149.0,795,430,3.8,136.0,CCS,2000,490,5,AWD,E - Executive,5060,1900,1505,Sedan,https://ev-database.org/car/3114/BMW-i5-M60-xDrive-Sedan,14.46907,5.598148326,8.465,9.568812758
BMW,i5 M60 xDrive Touring (MY25),230,81.0,129.0,795,425,3.9,136.0,CCS,2000,570,5,AWD,E - Executive,5060,1900,1505,Station/Estate,https://ev-database.org/car/3117/BMW-i5-M60-xDrive-Touring,14.46907,5.598148326,8.465,9.568812758
BMW,i5 eDrive40 Sedan (MY25),193,81.0,263.0,400,480,6.0,136.0,CCS,1500,490,5,RWD,E - Executive,5060,1900,1515,Sedan,https://ev-database.org/car/3112/BMW-i5-eDrive40-Sedan,14.56521,5.561196852,8.475,9.557522124
BMW,i5 eDrive40 Touring (MY25),193,81.0,229.0,400,465,6.1,136.0,CCS,1500,570,5,RWD,E - Executive,5060,1900,1515,Station/Estate,https://ev-database.org/car/3115/BMW-i5-eDrive40-Touring,14.56521,5.561196852,8.475,9.557522124
BMW,i5 xDrive40 Sedan (MY25),215,81.0,160.0,590,465,5.4,136.0,CCS,2000,490,5,AWD,E - Executive,5060,1900,1515,Sedan,https://ev-database.org/car/3113/BMW-i5-xDrive40-Sedan,14.56521,5.561196852,8.475,9.557522124
BMW,i5 xDrive40 Touring (MY25),215,81.0,138.0,590,450,5.5,136.0,CCS,2000,570,5,AWD,E - Executive,5060,1900,1515,Station/Estate,https://ev-database.org/car/3116/BMW-i5-xDrive40-Touring,14.56521,5.561196852,8.475,9.557522124
BMW,i7 M70 xDrive,250,102.0,2686.0,1100,490,3.7,159.0,CCS,0,500,5,AWD,F - Luxury,5391,1950,1544,Sedan,https://ev-database.org/car/1838/BMW-i7-M70-xDrive,16.2312228,6.284184578,8.885,11.48002251
BMW,i7 eDrive50,205,102.0,1824.0,650,520,5.5,159.0,CCS,0,500,5,RWD,F - Luxury,5391,1950,1544,Sedan,https://ev-database.org/car/1905/BMW-i7-eDrive50,16.2312228,6.284184578,8.885,11.48002251
BMW,i7 xDrive60,240,102.0,129.0,745,510,4.7,159.0,CCS,2000,500,5,AWD,F - Luxury,5391,1950,1544,Sedan,https://ev-database.org/car/1676/BMW-i7-xDrive60,16.2312228,6.284184578,8.885,11.48002251
BMW,iX M70 xDrive,250,109.0,2395.0,1015,500,3.8,150.0,CCS,2500,500,5,AWD,JE - Executive,4965,1970,1695,SUV,https://ev-database.org/car/3111/BMW-iX-M70-xDrive,16.57887975,6.57462999,8.63,12.63035921
BMW,iX xDrive45,200,95.0,298.0,700,470,5.1,115.0,CCS,2500,500,5,AWD,JE - Executive,4965,1970,1695,SUV,https://ev-database.org/car/3109/BMW-iX-xDrive45,16.57887975,5.730182101,8.63,11.00811124
BMW,iX xDrive60,200,109.0,298.0,765,525,4.6,150.0,CCS,2500,500,5,AWD,JE - Executive,4965,1970,1695,SUV,https://ev-database.org/car/3110/BMW-iX-xDrive60,16.57887975,6.57462999,8.63,12.63035921
BMW,iX1 eDrive20,170,65.0,112.0,247,390,8.3,94.0,CCS,750,490,5,FWD,JC - Medium,4500,1845,1616,SUV,https://ev-database.org/car/1996/BMW-iX1-eDrive20,13.41684,4.844657908,7.961,8.164803417
BMW,iX1 xDrive30,180,65.0,199.0,494,380,5.6,94.0,CCS,1200,490,5,AWD,JC - Medium,4500,1845,1616,SUV,https://ev-database.org/car/1701/BMW-iX1-xDrive30,13.41684,4.844657908,7.961,8.164803417
BMW,iX2 eDrive20,170,65.0,141.0,247,395,8.6,94.0,CCS,750,525,5,FWD,JC - Medium,4554,1845,1560,SUV,https://ev-database.org/car/2097/BMW-iX2-eDrive20,13.1073228,4.959059984,7.959,8.166855133
BMW,iX2 xDrive30,180,65.0,240.0,494,385,5.6,94.0,CCS,1200,525,5,AWD,JC - Medium,4554,1845,1560,SUV,https://ev-database.org/car/2040/BMW-iX2-xDrive30,13.1073228,4.959059984,7.959,8.166855133
BYD,ATTO 2,160,45.0,136.0,290,245,7.9,51.0,CCS,750,400,5,FWD,JB - Compact,4310,1830,1675,SUV,https://ev-database.org/car/3125/BYD-ATTO-2,13.2112275,3.406193709,7.815,5.75815739
BYD,ATTO 3 (MY25),160,60.0,126.0,310,340,7.3,75.0,CCS,750,440,5,FWD,JC - Medium,4455,1875,1615,SUV,https://ev-database.org/car/3192/BYD-ATTO-3,13.49029688,4.447641187,7.945,7.551919446
BYD,DOLPHIN 44.9 kWh Active,150,45.0,104.0,180,265,12.3,50.0,CCS,0,345,5,FWD,C - Medium,4290,1770,1570,Hatchback,https://ev-database.org/car/1917/BYD-DOLPHIN-449-kWh-Active,11.921481,3.774698798,7.63,5.897771953
BYD,DOLPHIN 44.9 kWh Boost,160,45.0,104.0,274,260,8.0,50.0,CCS,0,345,5,FWD,C - Medium,4290,1770,1570,Hatchback,https://ev-database.org/car/1918/BYD-DOLPHIN-449-kWh-Boost,11.921481,3.774698798,7.63,5.897771953
BYD,DOLPHIN 60.4 kWh,160,60.0,126.0,310,350,7.0,65.0,CCS,0,345,5,FWD,C - Medium,4290,1770,1570,Hatchback,https://ev-database.org/car/1919/BYD-DOLPHIN-604-kWh,11.921481,5.032931731,7.63,7.863695937
BYD,DOLPHIN SURF 30 kWh Active,150,30.0,94.0,175,190,11.1,45.0,CCS,0,308,4,FWD,B - Compact,3990,1720,1590,Hatchback,https://ev-database.org/car/3193/BYD-DOLPHIN-SURF-30-kWh-Active,10.911852,2.749304151,7.3,4.109589041
BYD,DOLPHIN SURF 43.2 kWh Boost,150,43.0,90.0,175,270,12.1,60.0,CCS,0,308,4,FWD,B - Compact,3990,1720,1590,Hatchback,https://ev-database.org/car/3194/BYD-DOLPHIN-SURF-432-kWh-Boost,10.911852,3.940669283,7.3,5.890410959
BYD,DOLPHIN SURF 43.2 kWh Comfort,150,43.0,90.0,220,265,9.1,60.0,CCS,0,308,4,FWD,B - Compact,3990,1720,1590,Hatchback,https://ev-database.org/car/3195/BYD-DOLPHIN-SURF-432-kWh-Comfort,10.911852,3.940669283,7.3,5.890410959
BYD,SEAL 61.4 kWh RWD Comfort,220,61.0,128.0,380,365,7.5,75.0,CCS,750,400,5,RWD,D - Large,4800,1875,1460,Sedan,https://ev-database.org/car/3102/BYD-SEAL-614-kWh-RWD-Comfort,13.14,4.642313546,8.135,7.49846343
BYD,SEAL 82.5 kWh AWD Excellence,180,82.0,172.0,670,445,3.8,100.0,CCS,1500,400,5,AWD,D - Large,4800,1875,1460,Sedan,https://ev-database.org/car/2002/BYD-SEAL-825-kWh-AWD-Excellence,13.14,6.240487062,8.135,10.07990166
BYD,SEAL 82.5 kWh RWD Design,180,82.0,172.0,360,480,5.9,100.0,CCS,750,400,5,RWD,D - Large,4800,1875,1460,Sedan,https://ev-database.org/car/2001/BYD-SEAL-825-kWh-RWD-Design,13.14,6.240487062,8.135,10.07990166
BYD,SEAL U 71.8 kWh Comfort,175,72.0,132.0,310,360,9.3,72.0,CCS,1300,552,5,FWD,JD - Large,4785,1890,1668,SUV,https://ev-database.org/car/2094/BYD-SEAL-U-718-kWh-Comfort,15.0848082,4.773013952,8.343,8.629989213
BYD,SEAL U 87 kWh Design,175,87.0,160.0,330,425,9.6,85.0,CCS,1300,552,5,FWD,JD - Large,4785,1890,1668,SUV,https://ev-database.org/car/2067/BYD-SEAL-U-87-kWh-Design,15.0848082,5.767391859,8.343,10.42790363
BYD,SEALION 7 82.5 kWh AWD Design,215,82.0,172.0,690,400,4.5,115.0,CCS,1500,520,5,AWD,JD - Large,4830,1925,1620,SUV,https://ev-database.org/car/3071/BYD-SEALION-7-825-kWh-AWD-Design,15.062355,5.44403581,8.375,9.791044776
BYD,SEALION 7 82.5 kWh RWD Comfort,215,82.0,172.0,380,415,6.7,115.0,CCS,750,520,5,RWD,JD - Large,4830,1925,1620,SUV,https://ev-database.org/car/3070/BYD-SEALION-7-825-kWh-RWD-Comfort,15.062355,5.44403581,8.375,9.791044776
BYD,SEALION 7 91.3 kWh AWD Excellence,215,91.0,226.0,690,430,4.5,165.0,CCS,1500,520,5,AWD,JD - Large,4830,1925,1620,SUV,https://ev-database.org/car/3072/BYD-SEALION-7-913-kWh-AWD-Excellence,15.062355,6.041551935,8.375,10.86567164
BYD,TANG Flagship,190,109.0,257.0,700,460,4.9,100.0,CCS,1500,235,7,AWD,JE - Executive,4970,1955,1745,SUV,https://ev-database.org/car/2095/BYD-TANG-Flagship,16.95503075,6.428770411,8.67,12.57208766
CUPRA,Born 170 kW - 59 kWh,160,59.0,216.0,310,360,6.7,110.0,CCS,0,385,5,RWD,C - Medium,4322,1809,1540,Hatchback,https://ev-database.org/car/2233/CUPRA-Born-170-kW---59-kWh,12.04048692,4.900134055,7.671,7.691304915
CUPRA,Born 170 kW - 77 kWh,160,77.0,288.0,310,460,7.0,125.0,CCS,0,385,5,RWD,C - Medium,4322,1809,1540,Hatchback,https://ev-database.org/car/2234/CUPRA-Born-170-kW---77-kWh,12.04048692,6.395090208,7.671,10.03780472
CUPRA,Born VZ,200,79.0,288.0,545,465,5.6,135.0,CCS,0,385,5,RWD,C - Medium,4322,1809,1538,Hatchback,https://ev-database.org/car/2128/CUPRA-Born-VZ,12.02484992,6.569728562,7.669,10.30121267
CUPRA,Tavascan Endurance,180,77.0,288.0,545,445,6.8,120.0,CCS,1000,540,5,RWD,JC - Medium,4644,1861,1597,SUV,https://ev-database.org/car/1971/CUPRA-Tavascan-Endurance,13.80204695,5.578882632,8.102,9.503826216
CUPRA,Tavascan VZ,180,77.0,288.0,545,425,5.5,120.0,CCS,1200,540,5,AWD,JC - Medium,4644,1861,1597,SUV,https://ev-database.org/car/1972/CUPRA-Tavascan-VZ,13.80204695,5.578882632,8.102,9.503826216
Cadillac,Lyriq 600 E4,210,102.0,288.0,610,460,5.3,165.0,CCS,1587,793,5,AWD,JF - Luxury,5005,1977,1623,SUV,https://ev-database.org/car/2243/Cadillac-Lyriq-600-E4,16.05939836,6.351421003,8.605,11.8535735
Citroen,e-Berlingo M 50 kWh,132,50.0,180.0,260,235,11.7,80.0,CCS,750,775,5,FWD,N - Passenger Van,4403,1921,1803,Small Passenger Van,https://ev-database.org/car/2159/Citroen-e-Berlingo-M-50-kWh,15.25006789,3.278673929,8.127,6.152331734
Citroen,e-Berlingo XL 50 kWh,132,50.0,278.0,260,230,11.7,80.0,CCS,750,1050,7,FWD,N - Passenger Van,4753,1921,1814,Small Passenger Van,https://ev-database.org/car/2160/Citroen-e-Berlingo-XL-50-kWh,16.56275058,3.018822251,8.488,5.89066918
Citroen,e-C3,135,44.0,163.0,120,255,11.5,60.0,CCS,550,310,5,FWD,B - Compact,4015,1755,1577,Hatchback,https://ev-database.org/car/2039/Citroen-e-C3,11.11205453,3.959663796,7.347,5.988838982
Citroen,e-C3 Aircross,145,44.0,151.0,125,240,12.9,60.0,CCS,350,460,5,FWD,JB - Compact,4395,1795,1660,SUV,https://ev-database.org/car/2224/Citroen-e-C3-Aircross,13.0957815,3.359860578,7.85,5.605095541
Citroen,e-C4,150,46.0,216.0,260,285,9.9,78.0,CCS,0,380,5,FWD,C - Medium,4360,1834,1525,Hatchback,https://ev-database.org/car/3047/Citroen-e-C4,12.194266,3.772264768,7.719,5.959321156
Citroen,e-C4 54 kWh,150,51.0,102.0,260,325,9.1,78.0,CCS,0,380,5,FWD,C - Medium,4360,1834,1525,Hatchback,https://ev-database.org/car/3048/Citroen-e-C4-54-kWh,12.194266,4.182293547,7.719,6.607073455
Citroen,e-C4 X,150,46.0,216.0,260,290,9.9,78.0,CCS,0,510,5,FWD,C - Medium,4600,1834,1525,Sedan,https://ev-database.org/car/3049/Citroen-e-C4-X,12.86551,3.575450954,7.959,5.779620555
Citroen,e-C4 X 54 kWh,150,51.0,102.0,260,335,9.1,78.0,CCS,0,510,5,FWD,C - Medium,4600,1834,1525,Sedan,https://ev-database.org/car/3050/Citroen-e-C4-X-54-kWh,12.86551,3.964086927,7.959,6.407840181
Citroen,e-SpaceTourer M 50 kWh,130,46.0,216.0,220,180,13.3,78.0,CCS,1000,603,9,FWD,N - Passenger Van,4983,1920,1890,Small Passenger Van,https://ev-database.org/car/2252/Citroen-e-SpaceTourer-M-50-kWh,18.0823104,2.543922706,8.793,5.231434095
Citroen,e-SpaceTourer M 75 kWh,130,68.0,324.0,220,260,14.2,79.0,CCS,1000,603,9,FWD,N - Passenger Van,4983,1920,1890,Small Passenger Van,https://ev-database.org/car/2254/Citroen-e-SpaceTourer-M-75-kWh,18.0823104,3.760581391,8.793,7.733424315
Citroen,e-SpaceTourer XL 50 kWh,130,46.0,216.0,220,180,13.3,78.0,CCS,1000,989,9,FWD,N - Passenger Van,5333,1920,1890,Small Passenger Van,https://ev-database.org/car/2253/Citroen-e-SpaceTourer-XL-50-kWh,19.3523904,2.376967344,9.143,5.031171388
Citroen,e-SpaceTourer XL 75 kWh,130,68.0,324.0,220,260,14.2,79.0,CCS,1000,989,9,FWD,N - Passenger Van,5333,1920,1890,Small Passenger Van,https://ev-database.org/car/2255/Citroen-e-SpaceTourer-XL-75-kWh,19.3523904,3.513777812,9.143,7.437383791
DS,3 E-Tense,150,51.0,102.0,260,300,9.0,85.0,CCS,0,350,5,FWD,JB - Compact,4118,1802,1534,SUV,https://ev-database.org/car/1791/DS-3-E-Tense,11.38325562,4.480264846,7.454,6.841964046
DS,N°4 E-Tense,160,58.0,174.0,345,375,7.1,70.0,CCS,0,390,5,FWD,JC - Medium,4400,1866,1470,Hatchback,https://ev-database.org/car/3200/DS-N4-E-Tense,12.069288,4.80558588,7.736,7.497414685
DS,N°8 AWD Long Range,190,97.0,226.0,511,530,5.4,130.0,CCS,1400,620,5,AWD,JD - Large,4834,1920,1574,SUV,https://ev-database.org/car/3078/DS-N8-AWD-Long-Range,14.60873472,6.639863195,8.328,11.64745437
DS,N°8 FWD,190,74.0,152.0,345,415,7.7,100.0,CCS,1260,620,5,FWD,JD - Large,4834,1920,1574,SUV,https://ev-database.org/car/3076/DS-N8-FWD,14.60873472,5.065462644,8.328,8.88568684
DS,N°8 FWD Long Range,190,97.0,152.0,345,545,7.8,130.0,CCS,1200,620,5,FWD,JD - Large,4834,1920,1574,SUV,https://ev-database.org/car/3077/DS-N8-FWD-Long-Range,14.60873472,6.639863195,8.328,11.64745437
Dacia,Spring Electric 45,125,25.0,72.0,125,165,19.1,29.0,CCS,0,308,4,FWD,A - Mini,3700,1622,1516,Hatchback,https://ev-database.org/car/2126/Dacia-Spring-Electric-45,9.0981224,2.747819704,6.838,3.656039778
Dacia,Spring Electric 65,125,25.0,72.0,113,160,13.7,29.0,CCS,0,308,4,FWD,A - Mini,3700,1622,1516,Hatchback,https://ev-database.org/car/2127/Dacia-Spring-Electric-65,9.0981224,2.747819704,6.838,3.656039778
Dongfeng,Box 31.4 kWh,140,29.0,89.0,160,190,12.5,50.0,CCS,79,326,5,FWD,B - Compact,4020,1810,1570,Hatchback,https://ev-database.org/car/3035/Dongfeng-Box-314-kWh,11.423634,2.538596737,7.4,3.918918919
Dongfeng,Box 42.3 kWh,140,40.0,89.0,160,255,12.5,51.0,CCS,157,326,5,FWD,B - Compact,4020,1810,1570,Hatchback,https://ev-database.org/car/3036/Dongfeng-Box-423-kWh,11.423634,3.501512741,7.4,5.405405405
Elaris,BEO 86 kWh,150,81.0,1647.0,320,390,9.5,65.0,CCS,786,467,5,FWD,JD - Large,4698,1908,1696,SUV,https://ev-database.org/car/1975/Elaris-BEO-86-kWh,15.20257766,5.328043822,8.302,9.756685136
Fiat,500e 3+1 24 kWh,135,21.0,108.0,220,135,9.0,40.0,CCS,0,185,4,FWD,B - Compact,3631,1683,1529,Hatchback,https://ev-database.org/car/1726/Fiat-500e-3plus1-24-kWh,9.343677717,2.247509025,6.843,3.068829461
Fiat,500e 3+1 42 kWh,150,37.0,192.0,220,235,9.0,67.0,CCS,0,185,4,FWD,B - Compact,3631,1683,1529,Hatchback,https://ev-database.org/car/1328/Fiat-500e-3plus1-42-kWh,9.343677717,3.959896854,6.843,5.40698524
Fiat,500e Cabrio 24 kWh,135,21.0,108.0,220,135,9.0,40.0,CCS,0,185,4,FWD,B - Compact,3631,1683,1529,Cabriolet,https://ev-database.org/car/1727/Fiat-500e-Cabrio-24-kWh,9.343677717,2.247509025,6.843,3.068829461
Fiat,500e Cabrio 42 kWh,150,37.0,192.0,220,230,9.0,67.0,CCS,0,185,4,FWD,B - Compact,3631,1683,1529,Cabriolet,https://ev-database.org/car/1275/Fiat-500e-Cabrio-42-kWh,9.343677717,3.959896854,6.843,5.40698524
Fiat,500e Hatchback 24 kWh,135,21.0,108.0,220,135,9.0,40.0,CCS,0,185,4,FWD,B - Compact,3631,1683,1529,Hatchback,https://ev-database.org/car/1327/Fiat-500e-Hatchback-24-kWh,9.343677717,2.247509025,6.843,3.068829461
Fiat,500e Hatchback 42 kWh,150,37.0,192.0,220,235,9.0,67.0,CCS,0,185,4,FWD,B - Compact,3631,1683,1529,Hatchback,https://ev-database.org/car/1285/Fiat-500e-Hatchback-42-kWh,9.343677717,3.959896854,6.843,5.40698524
Fiat,600e,150,51.0,102.0,260,310,9.0,79.0,CCS,0,360,5,FWD,JB - Compact,4171,1781,1523,SUV,https://ev-database.org/car/1945/Fiat-600e,11.31368317,4.507815821,7.475,6.822742475
Fiat,Grande Panda,132,44.0,163.0,122,260,11.0,60.0,CCS,550,361,5,FWD,B - Compact,3999,1763,1570,Hatchback,https://ev-database.org/car/2251/Fiat-Grande-Panda,11.06887209,3.975111433,7.332,6.001091107
Ford,Capri Extended Range AWD,180,79.0,288.0,679,455,5.3,135.0,CCS,1200,572,5,AWD,D - Large,4643,1872,1626,Liftback Sedan,https://ev-database.org/car/2242/Ford-Capri-Extended-Range-AWD,14.1326977,5.589874042,8.141,9.703967572
Ford,Capri Extended Range RWD,180,77.0,288.0,545,455,6.4,120.0,CCS,1000,572,5,RWD,D - Large,4643,1872,1626,Liftback Sedan,https://ev-database.org/car/2241/Ford-Capri-Extended-Range-RWD,14.1326977,5.448358244,8.141,9.458297506
Ford,Capri Standard Range RWD,160,52.0,192.0,310,320,9.0,85.0,CCS,1000,572,5,RWD,D - Large,4643,1872,1626,Liftback Sedan,https://ev-database.org/car/2240/Ford-Capri-Standard-Range-RWD,14.1326977,3.679410762,8.141,6.387421693
Ford,Explorer Extended Range AWD,180,79.0,288.0,679,440,5.3,135.0,CCS,1200,536,5,AWD,JC - Medium,4468,1871,1639,SUV,https://ev-database.org/car/2169/Ford-Explorer-Extended-Range-AWD,13.70143029,5.765821401,7.978,9.902231136
Ford,Explorer Extended Range RWD,180,77.0,288.0,545,435,6.4,120.0,CCS,1000,536,5,RWD,JC - Medium,4468,1871,1630,SUV,https://ev-database.org/car/2168/Ford-Explorer-Extended-Range-RWD,13.62619364,5.650881092,7.969,9.662441963
Ford,Explorer Standard Range RWD,160,52.0,192.0,310,305,8.7,85.0,CCS,1000,536,5,RWD,JC - Medium,4468,1871,1630,SUV,https://ev-database.org/car/2167/Ford-Explorer-Standard-Range-RWD,13.62619364,3.816179439,7.969,6.525285481
Ford,Mustang Mach-E ER AWD (MY25),180,88.0,235.0,675,435,4.8,105.0,CCS,1500,519,5,AWD,JD - Large,4713,1881,1624,SUV,https://ev-database.org/car/3189/Ford-Mustang-Mach-E-ER-AWD,14.39700847,6.112380928,8.218,10.70820151
Ford,Mustang Mach-E ER AWD (MY24),180,91.0,376.0,675,445,4.6,115.0,CCS,1500,519,5,AWD,JD - Large,4713,1881,1624,SUV,https://ev-database.org/car/2279/Ford-Mustang-Mach-E-ER-AWD,14.39700847,6.32075755,8.218,11.07325383
Ford,Mustang Mach-E ER RWD (MY25),180,88.0,306.0,525,475,6.1,105.0,CCS,1500,519,5,RWD,JD - Large,4713,1881,1624,SUV,https://ev-database.org/car/3188/Ford-Mustang-Mach-E-ER-RWD,14.39700847,6.112380928,8.218,10.70820151
Ford,Mustang Mach-E ER RWD (MY24),180,91.0,376.0,525,480,5.9,115.0,CCS,1500,519,5,RWD,JD - Large,4713,1881,1624,SUV,https://ev-database.org/car/2278/Ford-Mustang-Mach-E-ER-RWD,14.39700847,6.32075755,8.218,11.07325383
Ford,Mustang Mach-E GT (MY24),200,91.0,376.0,950,425,3.8,115.0,CCS,750,519,5,AWD,JD - Large,4743,1881,1613,SUV,https://ev-database.org/car/2280/Ford-Mustang-Mach-E-GT,14.39051338,6.323610395,8.237,11.04771155
Ford,Mustang Mach-E GT (MY25),200,91.0,376.0,950,435,3.8,115.0,CCS,750,519,5,AWD,JD - Large,4743,1881,1613,SUV,https://ev-database.org/car/3190/Ford-Mustang-Mach-E-GT,14.39051338,6.323610395,8.237,11.04771155
Ford,Mustang Mach-E Rally (MY25),200,91.0,376.0,950,415,3.9,115.0,CCS,750,519,5,AWD,JD - Large,4743,1881,1633,SUV,https://ev-database.org/car/3191/Ford-Mustang-Mach-E-Rally,14.56894504,6.246162626,8.257,11.02095192
Ford,Mustang Mach-E Rally (MY24),200,91.0,376.0,950,410,3.9,115.0,CCS,750,519,5,AWD,JD - Large,4743,1881,1633,SUV,https://ev-database.org/car/2275/Ford-Mustang-Mach-E-Rally,14.56894504,6.246162626,8.257,11.02095192
Ford,Mustang Mach-E SR RWD (MY24),180,73.0,247.0,525,385,6.2,100.0,CCS,750,519,5,RWD,JD - Large,4713,1881,1624,SUV,https://ev-database.org/car/2277/Ford-Mustang-Mach-E-SR-RWD,14.39700847,5.070497815,8.218,8.882939888
Ford,Mustang Mach-E SR RWD (MY25),180,73.0,247.0,525,380,6.2,100.0,CCS,750,519,5,RWD,JD - Large,4713,1881,1624,SUV,https://ev-database.org/car/3187/Ford-Mustang-Mach-E-SR-RWD,14.39700847,5.070497815,8.218,8.882939888
Ford,Puma Gen-E,160,44.0,155.0,290,275,8.0,85.0,CCS,750,523,5,FWD,JB - Compact,4214,1805,1555,SUV,https://ev-database.org/car/3073/Ford-Puma-Gen-E,11.82774985,3.720065148,7.574,5.809347769
Ford,e-Tourneo Courier,145,44.0,114.0,290,200,11.0,80.0,CCS,750,568,5,FWD,N - Passenger Van,4337,1876,1817,Small Passenger Van,https://ev-database.org/car/3166/Ford-e-Tourneo-Courier,14.7834972,2.976291698,8.03,5.479452055
Ford,e-Tourneo Custom L1 160 kW,130,64.0,144.0,415,235,9.0,70.0,CCS,2000,672,8,RWD,N - Passenger Van,5050,1999,1959,Small Passenger Van,https://ev-database.org/car/3162/Ford-e-Tourneo-Custom-L1-160-kW,19.77600705,3.236244801,9.008,7.104795737
Ford,e-Tourneo Custom L1 210 kW,130,64.0,144.0,415,235,8.0,70.0,CCS,2000,672,8,RWD,N - Passenger Van,5050,1999,1959,Small Passenger Van,https://ev-database.org/car/3163/Ford-e-Tourneo-Custom-L1-210-kW,19.77600705,3.236244801,9.008,7.104795737
Ford,e-Tourneo Custom L2 160 kW,150,64.0,144.0,415,235,9.0,70.0,CCS,2000,672,8,RWD,N - Passenger Van,5908,1999,1959,Small Passenger Van,https://ev-database.org/car/3164/Ford-e-Tourneo-Custom-L2-160-kW,23.13597023,2.766255289,9.866,6.486924792
Ford,e-Tourneo Custom L2 210 kW,150,64.0,144.0,415,235,8.0,70.0,CCS,2000,672,8,RWD,N - Passenger Van,5908,1999,1959,Small Passenger Van,https://ev-database.org/car/3165/Ford-e-Tourneo-Custom-L2-210-kW,23.13597023,2.766255289,9.866,6.486924792
GWM,ORA 03 48 kWh,160,45.0,171.0,250,260,8.3,45.0,CCS,0,228,5,FWD,C - Medium,4235,1825,1603,Hatchback,https://ev-database.org/car/2091/GWM-ORA-03-48-kWh,12.38938663,3.632141071,7.663,5.872373744
GWM,ORA 03 63 kWh,160,59.0,171.0,250,340,8.2,56.0,CCS,0,228,5,FWD,C - Medium,4235,1825,1603,Hatchback,https://ev-database.org/car/2092/GWM-ORA-03-63-kWh,12.38938663,4.762140515,7.663,7.699334464
GWM,ORA 03 GT,160,59.0,171.0,250,325,8.2,56.0,CCS,0,228,5,FWD,C - Medium,4254,1848,1603,Hatchback,https://ev-database.org/car/2093/GWM-ORA-03-GT,12.60181138,4.681866617,7.705,7.657365347
GWM,ORA 07 GT,180,84.0,354.0,680,430,4.5,80.0,CCS,0,333,5,AWD,D - Large,4871,1862,1500,Sedan,https://ev-database.org/car/2247/GWM-ORA-07-GT,13.604703,6.174335449,8.233,10.20284222
GWM,ORA 07 Pro,170,64.0,137.0,340,350,8.2,75.0,CCS,0,333,5,FWD,D - Large,4871,1862,1500,Sedan,https://ev-database.org/car/2246/GWM-ORA-07-Pro,13.604703,4.70425558,8.233,7.773594073
GWM,ORA 07 Pure,170,64.0,137.0,340,350,8.2,75.0,CCS,0,333,5,FWD,D - Large,4871,1862,1500,Sedan,https://ev-database.org/car/2245/GWM-ORA-07-Pure,13.604703,4.70425558,8.233,7.773594073
Genesis,G80 Electrified Luxury,225,82.0,257.0,700,440,4.9,160.0,CCS,1471,354,5,AWD,F - Luxury,5005,1925,1470,Sedan,https://ev-database.org/car/1703/Genesis-G80-Electrified-Luxury,14.16289875,5.789775204,8.4,9.761904762
Genesis,GV60 Premium,185,74.0,384.0,350,390,7.8,200.0,CCS,1600,432,5,RWD,JC - Medium,4515,1890,1580,SUV,https://ev-database.org/car/1647/Genesis-GV60-Premium,13.482693,5.488517761,7.985,9.267376331
Genesis,GV60 Sport,200,74.0,384.0,605,375,5.5,200.0,CCS,1600,432,5,AWD,JC - Medium,4515,1890,1580,SUV,https://ev-database.org/car/1648/Genesis-GV60-Sport,13.482693,5.488517761,7.985,9.267376331
Genesis,GV60 Sport Plus,235,74.0,384.0,700,360,4.0,200.0,CCS,1600,432,5,AWD,JC - Medium,4515,1890,1580,SUV,https://ev-database.org/car/1649/Genesis-GV60-Sport-Plus,13.482693,5.488517761,7.985,9.267376331
Genesis,GV70 Electrified Sport,235,74.0,384.0,700,350,4.2,190.0,CCS,1800,503,5,AWD,JD - Large,4715,1910,1630,SUV,https://ev-database.org/car/1725/Genesis-GV70-Electrified-Sport,14.6792095,5.041143394,8.255,8.964264082
Honda,e:Ny1,160,62.0,204.0,310,335,7.6,60.0,CCS,0,361,5,FWD,JB - Compact,4387,1790,1584,SUV,https://ev-database.org/car/1940/Honda-eNy1,12.43872432,4.984433966,7.761,7.988661255
Hongqi,E-HS9 120 kWh,200,112.0,264.0,750,455,4.9,110.0,CCS,1500,438,5,AWD,JF - Luxury,5209,2010,1731,SUV,https://ev-database.org/car/2050/Hongqi-E-HS9-120-kWh,18.12372579,6.179744789,8.95,12.51396648
Hongqi,E-HS9 84 kWh,200,76.0,313.0,600,320,6.5,112.0,CCS,1500,438,5,AWD,JF - Luxury,5209,2010,1731,SUV,https://ev-database.org/car/1746/Hongqi-E-HS9-84-kWh,18.12372579,4.193398249,8.95,8.491620112
Hongqi,E-HS9 99 kWh,200,90.0,264.0,750,370,4.9,112.0,CCS,1500,438,5,AWD,JF - Luxury,5209,2010,1731,SUV,https://ev-database.org/car/1747/Hongqi-E-HS9-99-kWh,18.12372579,4.965866348,8.95,10.05586592
Hyundai,INSTER Long Range,150,46.0,89.0,147,300,10.6,70.0,CCS,79,280,4,FWD,JA - Mini,3825,1610,1575,SUV,https://ev-database.org/car/2231/Hyundai-INSTER-Long-Range,9.69924375,4.742637796,7.01,6.562054208
Hyundai,INSTER Standard Range,140,39.0,89.0,147,255,11.7,60.0,CCS,79,280,4,FWD,JA - Mini,3825,1610,1575,SUV,https://ev-database.org/car/2230/Hyundai-INSTER-Standard-Range,9.69924375,4.020932044,7.01,5.563480742
Hyundai,IONIQ 5 63 kWh RWD (MY24),185,60.0,288.0,350,345,8.5,150.0,CCS,750,520,5,RWD,JC - Medium,4655,1890,1605,SUV,https://ev-database.org/car/2235/Hyundai-IONIQ-5-63-kWh-RWD,14.12070975,4.249078202,8.15,7.36196319
Hyundai,IONIQ 5 84 kWh AWD (MY24),185,80.0,384.0,605,445,5.3,205.0,CCS,1600,520,5,AWD,JC - Medium,4655,1890,1605,SUV,https://ev-database.org/car/2237/Hyundai-IONIQ-5-84-kWh-AWD,14.12070975,5.665437603,8.15,9.81595092
Hyundai,IONIQ 5 84 kWh RWD (MY24),185,80.0,384.0,350,450,7.5,205.0,CCS,1600,520,5,RWD,JC - Medium,4655,1890,1605,SUV,https://ev-database.org/car/2236/Hyundai-IONIQ-5-84-kWh-RWD,14.12070975,5.665437603,8.15,9.81595092
Hyundai,IONIQ 5 N (MY24),260,80.0,384.0,740,390,3.4,205.0,CCS,0,480,5,AWD,JC - Medium,4715,1940,1585,SUV,https://ev-database.org/car/2044/Hyundai-IONIQ-5-N,14.4981535,5.517944061,8.24,9.708737864
Hyundai,IONIQ 6 Long Range 2WD,185,74.0,384.0,350,495,7.4,200.0,CCS,1500,401,5,RWD,D - Large,4855,1880,1495,Sedan,https://ev-database.org/car/1718/Hyundai-IONIQ-6-Long-Range-2WD,13.645463,5.423047939,8.23,8.991494532
Hyundai,IONIQ 6 Long Range AWD,185,74.0,384.0,605,440,5.1,200.0,CCS,1500,401,5,AWD,D - Large,4855,1880,1495,Sedan,https://ev-database.org/car/1719/Hyundai-IONIQ-6-Long-Range-AWD,13.645463,5.423047939,8.23,8.991494532
Hyundai,IONIQ 6 Standard Range 2WD,185,50.0,264.0,350,335,8.8,120.0,CCS,750,401,5,RWD,D - Large,4855,1880,1495,Sedan,https://ev-database.org/car/1717/Hyundai-IONIQ-6-Standard-Range-2WD,13.645463,3.66422158,8.23,6.075334143
Hyundai,IONIQ 9 Long Range AWD,200,106.0,2486.0,605,490,6.7,195.0,CCS,2500,338,7,AWD,JF - Luxury,5060,1980,1790,SUV,https://ev-database.org/car/3068/Hyundai-IONIQ-9-Long-Range-AWD,17.933652,5.910675639,8.83,12.00453001
Hyundai,IONIQ 9 Long Range RWD,185,106.0,346.0,350,500,9.4,195.0,CCS,1600,338,7,RWD,JF - Luxury,5060,1980,1790,SUV,https://ev-database.org/car/3067/Hyundai-IONIQ-9-Long-Range-RWD,17.933652,5.910675639,8.83,12.00453001
Hyundai,IONIQ 9 Performance AWD,200,106.0,286.0,700,480,5.2,195.0,CCS,2500,338,7,AWD,JF - Luxury,5060,1980,1790,SUV,https://ev-database.org/car/3069/Hyundai-IONIQ-9-Performance-AWD,17.933652,5.910675639,8.83,12.00453001
Hyundai,Kona Electric 48 kWh,160,48.0,151.0,255,295,8.8,50.0,CCS,300,466,5,FWD,JB - Compact,4355,1825,1575,SUV,https://ev-database.org/car/1829/Hyundai-Kona-Electric-48-kWh,12.51790313,3.834508026,7.755,6.189555126
Hyundai,Kona Electric 65 kWh,170,65.0,112.0,255,390,7.8,86.0,CCS,750,466,5,FWD,JB - Compact,4355,1825,1575,SUV,https://ev-database.org/car/1830/Hyundai-Kona-Electric-65-kWh,12.51790313,5.192562952,7.755,8.381689233
Jaguar,I-Pace EV400,200,85.0,432.0,696,380,4.8,85.0,CCS,750,505,5,AWD,JD - Large,4682,2011,1566,SUV,https://ev-database.org/car/1812/Jaguar-I-Pace-EV400,14.74467613,5.76479261,8.259,10.29180288
Jeep,Avenger Electric,150,51.0,102.0,260,310,9.0,85.0,CCS,0,355,5,FWD,JB - Compact,4084,1776,1528,SUV,https://ev-database.org/car/1816/Jeep-Avenger-Electric,11.08286515,4.601698144,7.388,6.903086086
Jeep,Compass Electric 74 kWh,180,74.0,216.0,345,370,8.5,90.0,CCS,1000,550,5,FWD,JC - Medium,4552,1928,1675,SUV,https://ev-database.org/car/3181/Jeep-Compass-Electric-74-kWh,14.7002288,5.033935254,8.155,9.074187615
KGM,Torres EVX,175,72.0,3596.0,339,370,8.1,85.0,CCS,1500,839,5,FWD,JC - Medium,4715,1890,1725,SUV,https://ev-database.org/car/2189/KGM-Torres-EVX,15.37207875,4.683816754,8.33,8.643457383
Kia,EV3 Long Range,170,78.0,216.0,283,455,7.7,105.0,CCS,1000,460,5,FWD,JB - Compact,4300,1850,1560,SUV,https://ev-database.org/car/2212/Kia-EV3-Long-Range,12.4098,6.285355123,7.71,10.11673152
Kia,EV3 Standard Range,170,55.0,164.0,283,325,7.5,80.0,CCS,300,460,5,FWD,JB - Compact,4300,1850,1560,SUV,https://ev-database.org/car/2211/Kia-EV3-Standard-Range,12.4098,4.431981176,7.71,7.133592737
Kia,EV4 Hatchback Long Range,170,78.0,3879.0,283,475,7.7,105.0,CCS,1093,435,5,FWD,C - Medium,4430,1860,1485,Hatchback,https://ev-database.org/car/3124/Kia-EV4-Hatchback-Long-Range,12.236103,6.374578573,7.775,10.03215434
Kia,EV4 Hatchback Standard Range,170,55.0,174.0,283,340,7.4,80.0,CCS,421,435,5,FWD,C - Medium,4430,1860,1485,Hatchback,https://ev-database.org/car/3123/Kia-EV4-Hatchback-Standard-Range,12.236103,4.494895148,7.775,7.073954984
Kia,EV4 Sedan Long Range,170,78.0,146.0,283,495,7.7,105.0,CCS,650,490,5,FWD,C - Medium,4730,1860,1480,Sedan,https://ev-database.org/car/3122/Kia-EV4-Sedan-Long-Range,13.020744,5.990441099,8.07,9.665427509
Kia,EV4 Sedan Standard Range,170,55.0,146.0,283,355,7.4,80.0,CCS,400,490,5,FWD,C - Medium,4730,1860,1480,Sedan,https://ev-database.org/car/3121/Kia-EV4-Sedan-Standard-Range,13.020744,4.22402898,8.07,6.815365551
Kia,EV6 GT,260,80.0,384.0,770,385,3.5,205.0,CCS,1800,480,5,AWD,JC - Medium,4695,1890,1545,SUV,https://ev-database.org/car/3079/Kia-EV6-GT,13.70963475,5.835312279,8.13,9.840098401
Kia,EV6 Long Range 2WD,185,80.0,384.0,350,455,7.3,205.0,CCS,1800,490,5,RWD,JC - Medium,4695,1880,1575,SUV,https://ev-database.org/car/3028/Kia-EV6-Long-Range-2WD,13.901895,5.754611152,8.15,9.81595092
Kia,EV6 Long Range AWD,185,80.0,384.0,605,440,5.2,205.0,CCS,1800,490,5,AWD,JC - Medium,4695,1880,1575,SUV,https://ev-database.org/car/3029/Kia-EV6-Long-Range-AWD,13.901895,5.754611152,8.15,9.81595092
Kia,EV6 Standard Range 2WD,185,60.0,288.0,350,345,8.7,150.0,CCS,750,490,5,RWD,JC - Medium,4695,1880,1575,SUV,https://ev-database.org/car/3030/Kia-EV6-Standard-Range-2WD,13.901895,4.315958364,8.15,7.36196319
Kia,EV9 76.1 kWh RWD,190,73.0,348.0,350,355,8.5,160.0,CCS,900,333,7,RWD,JF - Luxury,5010,1980,1755,SUV,https://ev-database.org/car/1833/Kia-EV9-761-kWh-RWD,17.409249,4.19317341,8.745,8.347627216
Kia,EV9 99.8 kWh AWD,200,96.0,456.0,600,435,6.0,194.0,CCS,2500,333,7,AWD,JF - Luxury,5010,1980,1755,SUV,https://ev-database.org/car/1835/Kia-EV9-998-kWh-AWD,17.409249,5.514310238,8.745,10.97770154
Kia,EV9 99.8 kWh AWD GT,220,96.0,456.0,740,420,4.6,194.0,CCS,2500,333,7,AWD,JF - Luxury,5015,1980,1755,SUV,https://ev-database.org/car/3196/Kia-EV9-998-kWh-AWD-GT,17.4266235,5.508812421,8.75,10.97142857
Kia,EV9 99.8 kWh AWD GT-Line,200,96.0,456.0,700,425,5.3,194.0,CCS,2500,333,7,AWD,JF - Luxury,5015,1980,1780,SUV,https://ev-database.org/car/1993/Kia-EV9-998-kWh-AWD-GT-Line,17.674866,5.43144146,8.775,10.94017094
Kia,EV9 99.8 kWh RWD,185,96.0,456.0,350,450,9.4,194.0,CCS,900,333,7,RWD,JF - Luxury,5010,1980,1755,SUV,https://ev-database.org/car/1834/Kia-EV9-998-kWh-RWD,17.409249,5.514310238,8.745,10.97770154
Kia,Niro EV,167,65.0,96.0,255,385,7.8,70.0,CCS,750,475,5,FWD,JC - Medium,4420,1825,1570,SUV,https://ev-database.org/car/1666/Kia-Niro-EV,12.664405,5.132495368,7.815,8.317338452
Lancia,Ypsilon,150,48.0,96.0,260,310,8.2,80.0,CCS,0,309,5,FWD,B - Compact,4080,1760,1440,Hatchback,https://ev-database.org/car/2117/Lancia-Ypsilon,10.340352,4.642008318,7.28,6.593406593
Leapmotor,C10,170,70.0,277.0,320,350,7.5,70.0,CCS,1500,435,5,RWD,JD - Large,4739,1900,1680,SUV,https://ev-database.org/car/3040/Leapmotor-C10,15.126888,4.627521536,8.319,8.414472893
Leapmotor,T03,130,36.0,156.0,158,225,12.7,30.0,CCS,0,210,4,FWD,A - Mini,3620,1652,1577,Hatchback,https://ev-database.org/car/3039/Leapmotor-T03,9.43083848,3.817263977,6.849,5.256241787
Lexus,RZ 300e,160,64.0,96.0,266,365,8.0,100.0,CCS,750,522,5,FWD,JC - Medium,4690,1860,1600,SUV,https://ev-database.org/car/3027/Lexus-RZ-300e,13.95744,4.58536809,8.15,7.852760736
Lexus,RZ 450e,160,64.0,96.0,435,350,5.6,100.0,CCS,750,522,5,AWD,JD - Large,4805,1895,1635,SUV,https://ev-database.org/car/1677/Lexus-RZ-450e,14.88745163,4.298922449,8.335,7.678464307
Lexus,UX 300e,160,64.0,96.0,300,340,7.5,35.0,CHAdeMO,0,316,5,FWD,JC - Medium,4495,1840,1545,SUV,https://ev-database.org/car/1943/Lexus-UX-300e,12.778386,5.00845725,7.88,8.121827411
Lotus,Eletre,250,109.0,2383.0,710,495,4.5,259.0,CCS,2250,611,5,AWD,JF - Luxury,5103,2019,1630,SUV,https://ev-database.org/car/1767/Lotus-Eletre,16.79381991,6.490482843,8.752,12.45429616
Lotus,Eletre R,260,109.0,2398.0,985,455,2.9,259.0,CCS,2250,611,5,AWD,JF - Luxury,5103,2019,1636,SUV,https://ev-database.org/car/1768/Lotus-Eletre-R,16.85563765,6.466679117,8.758,12.44576387
Lotus,Eletre S,250,109.0,2383.0,710,480,4.5,259.0,CCS,2250,611,5,AWD,JF - Luxury,5103,2019,1630,SUV,https://ev-database.org/car/2066/Lotus-Eletre-S,16.79381991,6.490482843,8.752,12.45429616
Lotus,Emeya,250,99.0,2398.0,710,520,4.2,240.0,CCS,2250,509,5,AWD,F - Luxury,5139,2005,1464,Liftback Sedan,https://ev-database.org/car/2141/Lotus-Emeya,15.08460948,6.562980641,8.608,11.50092937
Lotus,Emeya R,256,99.0,236.0,985,465,2.8,240.0,CCS,1225,509,5,AWD,F - Luxury,5139,2005,1464,Liftback Sedan,https://ev-database.org/car/2143/Lotus-Emeya-R,15.08460948,6.562980641,8.608,11.50092937
Lotus,Emeya S,250,99.0,2398.0,710,520,4.2,240.0,CCS,2250,509,5,AWD,F - Luxury,5139,2005,1464,Liftback Sedan,https://ev-database.org/car/2142/Lotus-Emeya-S,15.08460948,6.562980641,8.608,11.50092937
Lucid,Air Grand Touring,270,112.0,6600.0,1200,665,3.0,184.0,CCS,0,456,5,AWD,F - Luxury,4975,1939,1410,Sedan,https://ev-database.org/car/1316/Lucid-Air-Grand-Touring,13.60160025,8.234325222,8.324,13.45506968
Lucid,Air Pure RWD,200,92.0,5400.0,528,565,4.7,160.0,CCS,0,456,5,RWD,F - Luxury,4975,1939,1410,Sedan,https://ev-database.org/car/2116/Lucid-Air-Pure-RWD,13.60160025,6.763910004,8.324,11.05237866
Lucid,Air Touring,250,92.0,5400.0,528,580,3.2,160.0,CCS,0,456,5,AWD,F - Luxury,4975,1939,1410,Sedan,https://ev-database.org/car/1317/Lucid-Air-Touring,13.60160025,6.763910004,8.324,11.05237866
Lynk&Co,2,180,65.0,343.0,343,370,5.5,90.0,CCS,1600,410,5,RWD,JC - Medium,4460,1845,1573,SUV,https://ev-database.org/car/3045/LynkCo-02,12.9437451,5.021730535,7.878,8.250825083
MG,Cyberster GT,200,74.0,261.0,725,395,3.2,85.0,CCS,1600,249,2,AWD,G - Sports,4535,1913,1329,Cabriolet,https://ev-database.org/car/2203/MG-Cyberster-GT,11.5296797,6.418218195,7.777,9.515237238
MG,Cyberster Trophy,195,74.0,234.0,475,425,5.0,85.0,CCS,1371,249,2,RWD,G - Sports,4535,1913,1329,Cabriolet,https://ev-database.org/car/2202/MG-Cyberster-Trophy,11.5296797,6.418218195,7.777,9.515237238
MG,4 Electric 51 kWh,160,51.0,104.0,250,300,7.7,68.0,CCS,500,363,5,RWD,C - Medium,4287,1836,1504,Hatchback,https://ev-database.org/car/1707/MG-MG4-Electric-51-kWh,11.83788173,4.308203205,7.627,6.686770683
MG,4 Electric 64 kWh,160,62.0,104.0,250,360,7.9,116.0,CCS,500,363,5,RWD,C - Medium,4287,1836,1504,Hatchback,https://ev-database.org/car/1708/MG-MG4-Electric-64-kWh,11.83788173,5.237423504,7.627,8.12901534
MG,4 Electric 77 kWh,180,74.0,163.0,350,425,6.5,110.0,CCS,500,363,5,RWD,C - Medium,4287,1836,1516,Hatchback,https://ev-database.org/car/1973/MG-MG4-Electric-77-kWh,11.93233291,6.201637228,7.639,9.687131824
MG,4 Electric XPOWER,200,62.0,104.0,600,320,3.8,116.0,CCS,500,363,5,AWD,C - Medium,4287,1836,1516,Hatchback,https://ev-database.org/car/1944/MG-MG4-Electric-XPOWER,11.93233291,5.195966326,7.639,8.116245582
MG,5 Electric Long Range,185,57.0,164.0,280,335,7.7,60.0,CCS,500,479,5,FWD,C - Medium,4600,1818,1543,Station/Estate,https://ev-database.org/car/1474/MG-MG5-Electric-Long-Range,12.9038004,4.417303293,7.961,7.159904535
MG,5 Electric Standard Range,185,46.0,164.0,280,265,7.7,53.0,CCS,500,479,5,FWD,C - Medium,4600,1818,1543,Station/Estate,https://ev-database.org/car/1646/MG-MG5-Electric-Standard-Range,12.9038004,3.564841254,7.961,5.778168572
MG,S5  EV 49 kWh,170,47.0,112.0,250,275,8.0,80.0,CCS,750,453,5,RWD,JC - Medium,4476,1849,1621,SUV,https://ev-database.org/car/3146/MG-MGS5--EV-49-kWh,13.415597,3.503384902,7.946,5.914925749
MG,S5  EV 64 kWh,190,62.0,167.0,350,365,6.3,90.0,CCS,750,453,5,RWD,JC - Medium,4476,1849,1621,SUV,https://ev-database.org/car/3147/MG-MGS5--EV-64-kWh,13.415597,4.621486467,7.946,7.802668009
MG,ZS EV Long Range,175,68.0,163.0,280,370,8.4,82.0,CCS,500,448,5,FWD,JB - Compact,4323,1809,1649,SUV,https://ev-database.org/car/1541/MG-ZS-EV-Long-Range,12.89568624,5.273081147,7.781,8.739236602
MG,ZS EV Standard Range,175,49.0,163.0,280,265,8.6,50.0,CCS,500,448,5,FWD,JB - Compact,4323,1809,1649,SUV,https://ev-database.org/car/1540/MG-ZS-EV-Standard-Range,12.89568624,3.799720238,7.781,6.297391081
Maserati,GranCabrio Folgore,290,83.0,3390.0,1350,395,2.8,190.0,CCS,643,151,4,AWD,F - Luxury,4966,1957,1365,Cabriolet,https://ev-database.org/car/2187/Maserati-GranCabrio-Folgore,13.26570063,6.256737003,8.288,10.01447876
Maserati,GranTurismo Folgore,325,83.0,3934.0,1350,420,2.7,217.0,CCS,643,270,4,AWD,F - Luxury,4959,1957,1353,Coupe,https://ev-database.org/car/1803/Maserati-GranTurismo-Folgore,13.13054434,6.321139311,8.269,10.03748942
Maserati,Grecale Folgore,220,95.0,367.0,820,400,4.1,110.0,CCS,1800,535,5,AWD,JE - Executive,4865,1948,1651,SUV,https://ev-database.org/car/1843/Maserati-Grecale-Folgore,15.64656002,6.071622125,8.464,11.22400756
Maxus,MIFA 9,180,84.0,199.0,350,365,9.2,103.0,CCS,1000,412,7,FWD,N - Passenger Van,5270,2000,1840,Small Passenger Van,https://ev-database.org/car/1837/Maxus-MIFA-9,19.3936,4.331325798,9.11,9.220636663
Mazda,6e 68.8 kWh,175,66.0,289.0,320,390,7.6,120.0,CCS,1500,456,5,RWD,D - Large,4921,1890,1491,Liftback Sedan,https://ev-database.org/car/3107/Mazda-6e-688-kWh,13.86732879,4.759388127,8.302,7.949891592
Mazda,6e Long Range 80 kWh,175,75.0,289.0,320,440,7.8,70.0,CCS,1500,456,5,RWD,D - Large,4921,1890,1491,Liftback Sedan,https://ev-database.org/car/3108/Mazda-6e-Long-Range-80-kWh,13.86732879,5.408395599,8.302,9.033967719
Mercedes-Benz,CLA 250+,210,85.0,277.0,335,565,6.7,235.0,CCS,1500,405,5,RWD,D - Large,4723,1855,1468,Sedan,https://ev-database.org/car/3139/Mercedes-Benz-CLA-250plus,12.86139022,6.608927849,8.046,10.56425553
Mercedes-Benz,CLA 350 4MATIC,210,85.0,290.0,515,550,4.9,235.0,CCS,1800,405,5,AWD,D - Large,4723,1855,1468,Sedan,https://ev-database.org/car/3140/Mercedes-Benz-CLA-350-4MATIC,12.86139022,6.608927849,8.046,10.56425553
Mercedes-Benz,EQA 250,160,66.0,300.0,385,395,8.6,100.0,CCS,1500,340,5,FWD,JC - Medium,4463,1834,1620,SUV,https://ev-database.org/car/1984/Mercedes-Benz-EQA-250,13.25993004,4.977401826,7.917,8.336491095
Mercedes-Benz,EQA 250+,160,70.0,305.0,385,420,8.6,90.0,CCS,1500,340,5,FWD,JC - Medium,4463,1834,1620,SUV,https://ev-database.org/car/1985/Mercedes-Benz-EQA-250plus,13.25993004,5.279062543,7.917,8.84173298
Mercedes-Benz,EQA 300 4MATIC,160,66.0,300.0,390,350,7.7,100.0,CCS,1800,340,5,AWD,JC - Medium,4463,1834,1620,SUV,https://ev-database.org/car/1986/Mercedes-Benz-EQA-300-4MATIC,13.25993004,4.977401826,7.917,8.336491095
Mercedes-Benz,EQA 350 4MATIC,160,66.0,300.0,520,350,6.0,100.0,CCS,1800,340,5,AWD,JC - Medium,4463,1834,1620,SUV,https://ev-database.org/car/1987/Mercedes-Benz-EQA-350-4MATIC,13.25993004,4.977401826,7.917,8.336491095
Mercedes-Benz,EQB 250+,160,70.0,221.0,385,415,8.9,90.0,CCS,1400,495,7,FWD,JC - Medium,4684,1834,1667,SUV,https://ev-database.org/car/1988/Mercedes-Benz-EQB-250plus,14.32029015,4.888169112,8.185,8.552229688
Mercedes-Benz,EQB 300 4MATIC,160,66.0,300.0,390,345,8.0,100.0,CCS,1700,495,7,AWD,JC - Medium,4684,1834,1667,SUV,https://ev-database.org/car/1989/Mercedes-Benz-EQB-300-4MATIC,14.32029015,4.608845163,8.185,8.063530849
Mercedes-Benz,EQB 350 4MATIC,160,66.0,300.0,520,345,6.2,100.0,CCS,1700,495,7,AWD,JC - Medium,4684,1834,1667,SUV,https://ev-database.org/car/1990/Mercedes-Benz-EQB-350-4MATIC,14.32029015,4.608845163,8.185,8.063530849
Mercedes-Benz,EQE 300,210,89.0,197.0,550,525,7.3,120.0,CCS,750,430,5,RWD,E - Executive,4946,1906,1503,Sedan,https://ev-database.org/car/2204/Mercedes-Benz-EQE-300,14.16889523,6.281364818,8.355,10.65230401
Mercedes-Benz,EQE 350 4MATIC,210,91.0,360.0,765,515,6.3,141.0,CCS,1700,430,5,AWD,E - Executive,4946,1906,1503,Sedan,https://ev-database.org/car/2206/Mercedes-Benz-EQE-350-4MATIC,14.16889523,6.422519084,8.355,10.89168163
Mercedes-Benz,EQE 350+,210,96.0,197.0,565,555,6.5,141.0,CCS,750,430,5,RWD,E - Executive,4946,1906,1510,Sedan,https://ev-database.org/car/2205/Mercedes-Benz-EQE-350plus,14.23488476,6.743995587,8.362,11.48050706
Mercedes-Benz,EQE 500 4MATIC,210,91.0,360.0,858,505,4.7,141.0,CCS,1700,430,5,AWD,E - Executive,4946,1906,1503,Sedan,https://ev-database.org/car/2207/Mercedes-Benz-EQE-500-4MATIC,14.16889523,6.422519084,8.355,10.89168163
Mercedes-Benz,EQE AMG 43 4MATIC,210,91.0,360.0,858,450,4.2,141.0,CCS,1700,430,5,AWD,E - Executive,4964,1906,1495,Sedan,https://ev-database.org/car/2208/Mercedes-Benz-EQE-AMG-43-4MATIC,14.14476908,6.433473709,8.365,10.87866109
Mercedes-Benz,EQE AMG 53 4MATIC+,220,91.0,360.0,950,450,3.5,141.0,CCS,1700,430,5,AWD,E - Executive,4964,1906,1495,Sedan,https://ev-database.org/car/2209/Mercedes-Benz-EQE-AMG-53-4MATICplus,14.14476908,6.433473709,8.365,10.87866109
Mercedes-Benz,EQE SUV 300,210,91.0,247.0,550,450,7.6,141.0,CCS,750,520,5,RWD,JE - Executive,4863,1940,1685,SUV,https://ev-database.org/car/2045/Mercedes-Benz-EQE-SUV-300,15.8966607,5.724472688,8.488,10.72101791
Mercedes-Benz,EQE SUV 350 4MATIC,210,91.0,351.0,765,435,6.6,141.0,CCS,1800,520,5,AWD,JE - Executive,4863,1940,1685,SUV,https://ev-database.org/car/2047/Mercedes-Benz-EQE-SUV-350-4MATIC,15.8966607,5.724472688,8.488,10.72101791
Mercedes-Benz,EQE SUV 350+,210,96.0,220.0,565,475,6.9,141.0,CCS,750,520,5,RWD,JE - Executive,4863,1940,1685,SUV,https://ev-database.org/car/2046/Mercedes-Benz-EQE-SUV-350plus,15.8966607,6.039004154,8.488,11.31008483
Mercedes-Benz,EQE SUV 500 4MATIC,210,96.0,367.0,858,455,4.9,141.0,CCS,1800,520,5,AWD,JE - Executive,4863,1940,1685,SUV,https://ev-database.org/car/2048/Mercedes-Benz-EQE-SUV-500-4MATIC,15.8966607,6.039004154,8.488,11.31008483
Mercedes-Benz,EQE SUV AMG 43 4MATIC,210,91.0,360.0,858,425,4.3,141.0,CCS,1800,520,5,AWD,JE - Executive,4879,1940,1672,SUV,https://ev-database.org/car/1763/Mercedes-Benz-EQE-SUV-AMG-43-4MATIC,15.82591472,5.750062578,8.491,10.71723001
Mercedes-Benz,EQE SUV AMG 53 4MATIC+,240,91.0,360.0,1000,420,3.5,141.0,CCS,1800,520,5,AWD,JE - Executive,4879,1940,1672,SUV,https://ev-database.org/car/1764/Mercedes-Benz-EQE-SUV-AMG-53-4MATICplus,15.82591472,5.750062578,8.491,10.71723001
Mercedes-Benz,EQS 350,210,96.0,360.0,565,570,6.7,130.0,CCS,750,620,5,RWD,F - Luxury,5223,1926,1512,Sedan,https://ev-database.org/car/2155/Mercedes-Benz-EQS-350,15.20996098,6.311653275,8.661,11.08417042
Mercedes-Benz,EQS 450 4MATIC,210,118.0,2527.0,800,655,5.7,160.0,CCS,1700,620,5,AWD,F - Luxury,5223,1926,1518,Sedan,https://ev-database.org/car/2194/Mercedes-Benz-EQS-450-4MATIC,15.27031796,7.727409493,8.667,13.61486097
Mercedes-Benz,EQS 450+,210,118.0,251.0,568,685,6.2,160.0,CCS,750,620,5,RWD,F - Luxury,5223,1926,1518,Sedan,https://ev-database.org/car/2193/Mercedes-Benz-EQS-450plus,15.27031796,7.727409493,8.667,13.61486097
Mercedes-Benz,EQS 500 4MATIC,210,118.0,2523.0,828,640,4.9,160.0,CCS,1700,620,5,AWD,F - Luxury,5223,1926,1518,Sedan,https://ev-database.org/car/2195/Mercedes-Benz-EQS-500-4MATIC,15.27031796,7.727409493,8.667,13.61486097
Mercedes-Benz,EQS 580 4MATIC,210,118.0,2523.0,858,640,4.4,160.0,CCS,1700,620,5,AWD,F - Luxury,5223,1926,1518,Sedan,https://ev-database.org/car/2196/Mercedes-Benz-EQS-580-4MATIC,15.27031796,7.727409493,8.667,13.61486097
Mercedes-Benz,EQS AMG 53 4MATIC+,250,118.0,2520.0,1020,585,3.4,160.0,CCS,1700,620,5,AWD,F - Luxury,5223,1926,1518,Sedan,https://ev-database.org/car/2197/Mercedes-Benz-EQS-AMG-53-4MATICplus,15.27031796,7.727409493,8.667,13.61486097
Mercedes-Benz,EQS SUV 450 4MATIC,210,118.0,269.0,800,530,6.1,160.0,CCS,1800,645,7,AWD,JF - Luxury,5125,1959,1718,SUV,https://ev-database.org/car/2088/Mercedes-Benz-EQS-SUV-450-4MATIC,17.24850525,6.841172513,8.802,13.40604408
Mercedes-Benz,EQS SUV 450+,210,118.0,251.0,568,540,6.8,160.0,CCS,750,645,7,RWD,JF - Luxury,5125,1959,1718,SUV,https://ev-database.org/car/2087/Mercedes-Benz-EQS-SUV-450plus,17.24850525,6.841172513,8.802,13.40604408
Mercedes-Benz,EQS SUV 500 4MATIC,210,118.0,269.0,828,530,5.3,160.0,CCS,1800,645,7,AWD,JF - Luxury,5125,1959,1718,SUV,https://ev-database.org/car/2089/Mercedes-Benz-EQS-SUV-500-4MATIC,17.24850525,6.841172513,8.802,13.40604408
Mercedes-Benz,EQS SUV 580 4MATIC,210,118.0,363.0,858,530,4.7,160.0,CCS,1800,526,7,AWD,JF - Luxury,5125,1959,1718,SUV,https://ev-database.org/car/2090/Mercedes-Benz-EQS-SUV-580-4MATIC,17.24850525,6.841172513,8.802,13.40604408
Mercedes-Benz,EQS SUV Maybach 680,210,118.0,338.0,950,490,4.4,160.0,CCS,1800,440,4,AWD,JF - Luxury,5125,1959,1725,SUV,https://ev-database.org/car/2086/Mercedes-Benz-EQS-SUV-Maybach-680,17.31878438,6.813411233,8.809,13.39539108
Mercedes-Benz,EQT 200 Long,132,45.0,3571.0,245,220,13.3,50.0,CCS,1500,828,7,FWD,N - Passenger Van,4922,1859,1811,Small Passenger Van,https://ev-database.org/car/2239/Mercedes-Benz-EQT-200-Long,16.57064638,2.715645423,8.592,5.237430168
Mercedes-Benz,EQT 200 Standard,132,45.0,229.0,245,225,12.6,50.0,CCS,1500,551,5,FWD,N - Passenger Van,4498,1859,1819,Small Passenger Van,https://ev-database.org/car/1908/Mercedes-Benz-EQT-200-Standard,15.21008146,2.958564037,8.176,5.503913894
Mercedes-Benz,EQV 250 Extra-Long,160,60.0,192.0,365,210,12.0,60.0,CCS,0,1410,7,FWD,N - Passenger Van,5370,1928,1911,Small Passenger Van,https://ev-database.org/car/2130/Mercedes-Benz-EQV-250-Extra-Long,19.78527096,3.032558923,9.209,6.515365403
Mercedes-Benz,EQV 250 Long,160,60.0,192.0,365,215,12.0,60.0,CCS,0,1030,7,FWD,N - Passenger Van,5140,1928,1910,Small Passenger Van,https://ev-database.org/car/2129/Mercedes-Benz-EQV-250-Long,18.9279472,3.169915859,8.978,6.683002896
Mercedes-Benz,EQV 300 Extra-Long,140,90.0,288.0,365,315,12.2,96.0,CCS,0,1410,7,FWD,N - Passenger Van,5370,1928,1901,Small Passenger Van,https://ev-database.org/car/2274/Mercedes-Benz-EQV-300-Extra-Long,19.68173736,4.572767046,9.199,9.783672138
Mercedes-Benz,EQV 300 Long,160,90.0,288.0,365,320,12.1,96.0,CCS,0,1030,7,FWD,N - Passenger Van,5140,1928,1901,Small Passenger Van,https://ev-database.org/car/2131/Mercedes-Benz-EQV-300-Long,18.83875792,4.777385026,8.969,10.0345635
Mercedes-Benz,G 580,180,116.0,216.0,1164,360,4.7,150.0,CCS,0,555,5,AWD,JF - Luxury,4624,1931,1986,SUV,https://ev-database.org/car/2192/Mercedes-Benz-G-580,17.73288278,6.541519583,8.541,13.58154783
Mercedes-Benz,eVito Tourer Extra-Long 60 kWh,160,60.0,192.0,360,215,12.0,60.0,CCS,0,1390,8,FWD,N - Passenger Van,5370,1928,1890,Small Passenger Van,https://ev-database.org/car/2139/Mercedes-Benz-eVito-Tourer-Extra-Long-60-kWh,19.5678504,3.066254022,9.188,6.530256857
Mercedes-Benz,eVito Tourer Long 60 kWh,160,60.0,192.0,360,220,12.0,60.0,CCS,0,990,8,FWD,N - Passenger Van,5140,1928,1890,Small Passenger Van,https://ev-database.org/car/2138/Mercedes-Benz-eVito-Tourer-Long-60-kWh,18.7297488,3.203459942,8.958,6.697923644
Mercedes-Benz,eVito Tourer Long 90 kWh,160,90.0,288.0,360,325,12.1,96.0,CCS,0,990,8,FWD,N - Passenger Van,5140,1928,1890,Small Passenger Van,https://ev-database.org/car/2140/Mercedes-Benz-eVito-Tourer-Long-90-kWh,18.7297488,4.805189913,8.958,10.04688547
Mini,Aceman E,160,38.0,152.0,290,230,7.9,60.0,CCS,750,300,5,FWD,JB - Compact,4079,1754,1514,SUV,https://ev-database.org/car/2190/Mini-Aceman-E,10.83201292,3.508119891,7.347,5.172179121
Mini,Aceman JCW,200,49.0,176.0,350,280,6.4,75.0,CCS,750,300,5,FWD,JB - Compact,4079,1754,1514,SUV,https://ev-database.org/car/3059/Mini-Aceman-JCW,10.83201292,4.523628281,7.347,6.669388866
Mini,Aceman SE,170,49.0,152.0,330,290,7.1,75.0,CCS,750,300,5,FWD,JB - Compact,4079,1754,1514,SUV,https://ev-database.org/car/2191/Mini-Aceman-SE,10.83201292,4.523628281,7.347,6.669388866
Mini,Cooper E,160,37.0,182.0,290,250,7.3,60.0,CCS,0,200,4,FWD,B - Compact,3858,1756,1460,Hatchback,https://ev-database.org/car/1997/Mini-Cooper-E,9.89098608,3.740779706,7.074,5.230421261
Mini,Cooper JCW,200,49.0,158.0,350,290,5.9,75.0,CCS,0,200,4,FWD,B - Compact,3858,1756,1460,Hatchback,https://ev-database.org/car/3058/Mini-Cooper-JCW,9.89098608,4.954005557,7.074,6.926774102
Mini,Cooper SE,170,49.0,171.0,330,330,6.7,75.0,CCS,0,200,4,FWD,B - Compact,3858,1756,1460,Hatchback,https://ev-database.org/car/1998/Mini-Cooper-SE,9.89098608,4.954005557,7.074,6.926774102
Mini,Countryman E,170,65.0,112.0,250,380,8.6,94.0,CCS,750,460,5,FWD,JC - Medium,4433,1843,1656,SUV,https://ev-database.org/car/1994/Mini-Countryman-E,13.52955146,4.804298219,7.932,8.194654564
Mini,Countryman SE ALL4,180,65.0,226.0,494,365,5.6,94.0,CCS,1200,460,5,AWD,JC - Medium,4433,1843,1656,SUV,https://ev-database.org/car/1995/Mini-Countryman-SE-ALL4,13.52955146,4.804298219,7.932,8.194654564
NIO,EL6 Long Range,200,90.0,96.0,700,435,4.5,135.0,CCS,1200,579,5,AWD,JE - Executive,4854,1995,1703,SUV,https://ev-database.org/car/1922/NIO-EL6-Long-Range,16.49139219,5.457392497,8.552,10.52385407
NIO,EL6 Standard Range,200,74.0,118.0,700,365,4.5,110.0,CCS,1200,579,5,AWD,JE - Executive,4854,1995,1703,SUV,https://ev-database.org/car/1921/NIO-EL6-Standard-Range,16.49139219,4.487189386,8.552,8.652946679
NIO,EL7 Long Range,200,90.0,96.0,850,430,3.9,100.0,CCS,2000,570,5,AWD,JF - Luxury,4912,1987,1720,SUV,https://ev-database.org/car/1789/NIO-EL7-Long-Range,16.78744768,5.361148503,8.619,10.44204664
NIO,EL7 Standard Range,200,74.0,118.0,850,355,3.9,110.0,CCS,2000,570,5,AWD,JF - Luxury,4912,1987,1720,SUV,https://ev-database.org/car/1788/NIO-EL7-Standard-Range,16.78744768,4.408055436,8.619,8.585682794
NIO,EL8 Long Range,200,90.0,96.0,850,440,4.1,190.0,CCS,2000,265,6,AWD,JF - Luxury,5099,1989,1750,SUV,https://ev-database.org/car/2223/NIO-EL8-Long-Range,17.74834425,5.070895557,8.838,10.18329939
NIO,EL8 Standard Range,200,74.0,118.0,850,360,4.1,110.0,CCS,2000,265,6,AWD,JF - Luxury,5099,1989,1750,SUV,https://ev-database.org/car/2222/NIO-EL8-Standard-Range,17.74834425,4.169403013,8.838,8.372935053
NIO,ET5 Long Range,200,90.0,96.0,700,500,4.0,100.0,CCS,1400,386,5,AWD,E - Executive,4790,1960,1499,Sedan,https://ev-database.org/car/1787/NIO-ET5-Long-Range,14.0732116,6.395128742,8.249,10.91041338
NIO,ET5 Standard Range,200,74.0,118.0,700,410,4.0,110.0,CCS,1400,386,5,AWD,E - Executive,4790,1960,1499,Sedan,https://ev-database.org/car/1786/NIO-ET5-Standard-Range,14.0732116,5.258216966,8.249,8.970784337
NIO,ET5 Touring Long Range,200,90.0,96.0,700,485,4.0,135.0,CCS,1400,450,5,AWD,E - Executive,4790,1960,1499,Station/Estate,https://ev-database.org/car/1916/NIO-ET5-Touring-Long-Range,14.0732116,6.395128742,8.249,10.91041338
NIO,ET5 Touring Standard Range,200,74.0,118.0,700,400,4.0,110.0,CCS,1400,450,5,AWD,E - Executive,4790,1960,1499,Station/Estate,https://ev-database.org/car/1915/NIO-ET5-Touring-Standard-Range,14.0732116,5.258216966,8.249,8.970784337
NIO,ET7 Long Range,200,90.0,96.0,850,505,3.8,100.0,CCS,2000,363,5,AWD,F - Luxury,5101,1987,1509,Sedan,https://ev-database.org/car/1752/NIO-ET7-Long-Range,15.29475168,5.884371441,8.597,10.46876817
NIO,ET7 Standard Range,200,74.0,118.0,850,415,3.8,110.0,CCS,2000,363,5,AWD,F - Luxury,5101,1987,1509,Sedan,https://ev-database.org/car/1751/NIO-ET7-Standard-Range,15.29475168,4.838260963,8.597,8.607653833
Nissan,Ariya 63kWh,160,63.0,128.0,300,335,7.5,90.0,CCS,750,468,5,FWD,JC - Medium,4595,1850,1660,SUV,https://ev-database.org/car/1301/Nissan-Ariya-63kWh,14.111245,4.464524569,8.105,7.772979642
Nissan,Ariya 87kWh,160,87.0,128.0,300,450,7.6,110.0,CCS,750,468,5,FWD,JC - Medium,4595,1850,1660,SUV,https://ev-database.org/car/1302/Nissan-Ariya-87kWh,14.111245,6.165295833,8.105,10.73411474
Nissan,Ariya e-4ORCE 87kWh - 225 kW,200,87.0,302.0,600,405,5.7,110.0,CCS,1500,415,5,AWD,JC - Medium,4595,1850,1660,SUV,https://ev-database.org/car/1304/Nissan-Ariya-e-4ORCE-87kWh---225-kW,14.111245,6.165295833,8.105,10.73411474
Nissan,Ariya e-4ORCE 87kWh - 320 kW Nismo,200,87.0,2542.0,600,385,5.0,110.0,CCS,1300,415,5,AWD,JC - Medium,4655,1850,1660,SUV,https://ev-database.org/car/3074/Nissan-Ariya-e-4ORCE-87kWh---320-kW-Nismo,14.295505,6.085829077,8.165,10.65523576
Nissan,Townstar EV Passenger,132,45.0,3571.0,245,225,12.6,50.0,CCS,1500,819,5,FWD,N - Passenger Van,4488,1860,1838,Small Passenger Van,https://ev-database.org/car/2042/Nissan-Townstar-EV-Passenger,15.34303584,2.932926734,8.186,5.497190325
Nissan,Townstar EV Passenger L2,130,45.0,3571.0,245,220,13.3,50.0,CCS,1500,819,7,FWD,N - Passenger Van,4911,1860,1815,Small Passenger Van,https://ev-database.org/car/3084/Nissan-Townstar-EV-Passenger-L2,16.5790449,2.714269747,8.586,5.241090147
Omoda,E5,172,61.0,198.0,340,345,7.6,60.0,CCS,914,380,5,FWD,JC - Medium,4424,1830,1588,SUV,https://ev-database.org/car/3046/Omoda-E5,12.85632096,4.744747754,7.842,7.778627901
Opel,Astra Electric,170,51.0,102.0,270,320,9.2,85.0,CCS,0,352,5,FWD,C - Medium,4374,1860,1470,Hatchback,https://ev-database.org/car/1792/Opel-Astra-Electric,11.9593908,4.264431262,7.704,6.619937695
Opel,Astra Sports Tourer Electric,170,51.0,102.0,270,310,9.3,85.0,CCS,0,516,5,FWD,C - Medium,4642,1860,1480,Station/Estate,https://ev-database.org/car/1793/Opel-Astra-Sports-Tourer-Electric,12.7784976,3.991079515,7.982,6.389376096
Opel,Combo-e Life 50 kWh,135,50.0,180.0,260,235,11.3,80.0,CCS,750,775,5,FWD,N - Passenger Van,4410,1921,1812,Small Passenger Van,https://ev-database.org/car/2161/Opel-Combo-e-Life-50-kWh,15.35055732,3.257210729,8.143,6.140243154
Opel,Combo-e Life XL 50 kWh,135,50.0,278.0,260,230,11.3,80.0,CCS,750,1050,7,FWD,N - Passenger Van,4760,1921,1818,Small Passenger Van,https://ev-database.org/car/2162/Opel-Combo-e-Life-XL-50-kWh,16.62371928,3.007750501,8.499,5.883045064
Opel,Corsa Electric 50 kWh,150,46.0,216.0,260,290,8.7,78.0,CCS,0,267,5,FWD,B - Compact,4061,1765,1435,Hatchback,https://ev-database.org/car/1941/Opel-Corsa-Electric-50-kWh,10.28559928,4.472272229,7.261,6.335215535
Opel,Corsa Electric 51 kWh,150,48.0,96.0,260,315,8.1,80.0,CCS,0,267,5,FWD,B - Compact,4061,1765,1435,Hatchback,https://ev-database.org/car/1942/Opel-Corsa-Electric-51-kWh,10.28559928,4.666718848,7.261,6.610659689
Opel,Frontera 44 kWh,140,44.0,151.0,120,245,12.1,60.0,CCS,350,460,5,FWD,JB - Compact,4385,1795,1635,SUV,https://ev-database.org/car/2238/Opel-Frontera-44-kWh,12.86920763,3.419013919,7.815,5.630198337
Opel,Grandland 73 kWh,170,73.0,96.0,260,365,9.0,90.0,CCS,1200,550,5,FWD,JC - Medium,4650,1934,1665,SUV,https://ev-database.org/car/3037/Opel-Grandland-73-kWh,14.9735115,4.875275916,8.249,8.849557522
Opel,Grandland 82 kWh,170,82.0,152.0,260,410,9.0,100.0,CCS,1200,550,5,FWD,JC - Medium,4650,1934,1665,SUV,https://ev-database.org/car/3038/Opel-Grandland-82-kWh,14.9735115,5.476337331,8.249,9.94059886
Opel,Mokka Electric,150,51.0,102.0,260,285,9.0,85.0,CCS,0,310,5,FWD,JB - Compact,4151,1790,1534,SUV,https://ev-database.org/car/3051/Opel-Mokka-Electric,11.39806486,4.474443743,7.475,6.822742475
Opel,Zafira-e Life L2 50 kWh,130,46.0,216.0,270,180,13.3,78.0,CCS,1000,603,9,FWD,N - Passenger Van,4983,1920,1890,Small Passenger Van,https://ev-database.org/car/2260/Opel-Zafira-e-Life-L2-50-kWh,18.0823104,2.543922706,8.793,5.231434095
Opel,Zafira-e Life L2 75 kWh,130,68.0,324.0,270,260,14.2,79.0,CCS,1000,603,9,FWD,N - Passenger Van,4983,1920,1890,Small Passenger Van,https://ev-database.org/car/2262/Opel-Zafira-e-Life-L2-75-kWh,18.0823104,3.760581391,8.793,7.733424315
Opel,Zafira-e Life L3 50 kWh,130,46.0,216.0,270,180,13.3,78.0,CCS,1000,989,9,FWD,N - Passenger Van,5333,1920,1890,Small Passenger Van,https://ev-database.org/car/2261/Opel-Zafira-e-Life-L3-50-kWh,19.3523904,2.376967344,9.143,5.031171388
Opel,Zafira-e Life L3 75 kWh,130,68.0,324.0,260,260,14.2,79.0,CCS,1000,989,9,FWD,N - Passenger Van,5333,1920,1890,Small Passenger Van,https://ev-database.org/car/2263/Opel-Zafira-e-Life-L3-75-kWh,19.3523904,3.513777812,9.143,7.437383791
Peugeot,e-2008 50 kWh,150,46.0,216.0,260,270,9.9,78.0,CCS,0,434,5,FWD,JB - Compact,4304,1775,1523,SUV,https://ev-database.org/car/1946/Peugeot-e-2008-50-kWh,11.6351108,3.953550662,7.602,6.0510392
Peugeot,e-2008 54 kWh,150,51.0,102.0,260,300,9.1,85.0,CCS,0,434,5,FWD,JB - Compact,4304,1775,1523,SUV,https://ev-database.org/car/1947/Peugeot-e-2008-54-kWh,11.6351108,4.383284429,7.602,6.708760852
Peugeot,e-208 50 kWh,150,46.0,216.0,260,290,9.0,78.0,CCS,0,265,5,FWD,B - Compact,4055,1765,1430,Hatchback,https://ev-database.org/car/1948/Peugeot-e-208-50-kWh,10.23461725,4.494550102,7.25,6.344827586
Peugeot,e-208 51 kWh,150,48.0,96.0,260,310,8.2,80.0,CCS,0,265,5,FWD,B - Compact,4055,1765,1430,Hatchback,https://ev-database.org/car/1949/Peugeot-e-208-51-kWh,10.23461725,4.689965323,7.25,6.620689655
Peugeot,e-3008 73 kWh,170,73.0,96.0,345,380,8.8,90.0,CCS,1250,588,5,FWD,JC - Medium,4542,1895,1641,SUV,https://ev-database.org/car/2003/Peugeot-e-3008-73-kWh,14.12423469,5.168421624,8.078,9.036890319
Peugeot,e-3008 73 kWh Dual Motor,170,73.0,96.0,511,375,6.4,90.0,CCS,1229,588,5,AWD,JC - Medium,4542,1895,1641,SUV,https://ev-database.org/car/2004/Peugeot-e-3008-73-kWh-Dual-Motor,14.12423469,5.168421624,8.078,9.036890319
Peugeot,e-3008 97 kWh Long Range,170,97.0,152.0,345,500,8.7,135.0,CCS,1200,588,5,FWD,JC - Medium,4542,1895,1641,SUV,https://ev-database.org/car/2005/Peugeot-e-3008-97-kWh-Long-Range,14.12423469,6.867628734,8.078,12.00792275
Peugeot,e-308,170,51.0,102.0,260,300,9.8,80.0,CCS,0,412,5,FWD,C - Medium,4367,1852,1441,Hatchback,https://ev-database.org/car/1744/Peugeot-e-308,11.65435264,4.376047435,7.66,6.657963446
Peugeot,e-308 SW,150,51.0,102.0,260,300,10.0,80.0,CCS,1136,608,5,FWD,C - Medium,4636,1852,1442,Station/Estate,https://ev-database.org/car/1745/Peugeot-e-308-SW,12.38082742,4.119272344,7.93,6.431273644
Peugeot,e-408 58 kWh,160,58.0,237.0,345,375,7.2,70.0,CCS,1043,471,5,FWD,JD - Large,4687,1859,1478,SUV,https://ev-database.org/car/3066/Peugeot-e-408-58-kWh,12.87801057,4.503801241,8.024,7.228315055
Peugeot,e-5008 73 kWh,170,73.0,96.0,345,370,9.7,90.0,CCS,1000,348,7,FWD,JD - Large,4791,1895,1694,SUV,https://ev-database.org/car/2149/Peugeot-e-5008-73-kWh,15.37973283,4.74650638,8.38,8.711217184
Peugeot,e-5008 73 kWh Dual Motor,170,73.0,96.0,511,360,7.0,90.0,CCS,1429,348,7,AWD,JD - Large,4791,1895,1694,SUV,https://ev-database.org/car/2150/Peugeot-e-5008-73-kWh-Dual-Motor,15.37973283,4.74650638,8.38,8.711217184
Peugeot,e-5008 97 kWh Long Range,170,97.0,259.0,345,485,9.6,135.0,CCS,1000,348,7,FWD,JD - Large,4791,1895,1694,SUV,https://ev-database.org/car/2151/Peugeot-e-5008-97-kWh-Long-Range,15.37973283,6.307001628,8.38,11.575179
Peugeot,e-Rifter M 50 kWh,132,50.0,163.0,270,235,11.7,80.0,CCS,750,775,5,FWD,N - Passenger Van,4403,1921,1818,Small Passenger Van,https://ev-database.org/car/2163/Peugeot-e-Rifter-M-50-kWh,15.37694033,3.251622164,8.142,6.140997298
Peugeot,e-Rifter XL 50 kWh,132,50.0,278.0,270,230,11.7,80.0,CCS,750,1050,7,FWD,N - Passenger Van,4755,1921,1837,Small Passenger Van,https://ev-database.org/car/2164/Peugeot-e-Rifter-XL-50-kWh,16.77981014,2.979771499,8.513,5.87337014
Peugeot,e-Traveller L2 50 kWh,130,46.0,216.0,270,180,13.3,78.0,CCS,1000,603,9,FWD,N - Passenger Van,4983,1920,1890,Small Passenger Van,https://ev-database.org/car/2256/Peugeot-e-Traveller-L2-50-kWh,18.0823104,2.543922706,8.793,5.231434095
Peugeot,e-Traveller L2 75 kWh,130,68.0,324.0,270,260,14.2,79.0,CCS,1000,603,9,FWD,N - Passenger Van,4983,1920,1890,Small Passenger Van,https://ev-database.org/car/2258/Peugeot-e-Traveller-L2-75-kWh,18.0823104,3.760581391,8.793,7.733424315
Peugeot,e-Traveller L3 50 kWh,130,46.0,216.0,270,180,13.3,78.0,CCS,1000,989,9,FWD,N - Passenger Van,5333,1920,1890,Small Passenger Van,https://ev-database.org/car/2257/Peugeot-e-Traveller-L3-50-kWh,19.3523904,2.376967344,9.143,5.031171388
Peugeot,e-Traveller L3 75 kWh,130,68.0,324.0,270,260,14.2,79.0,CCS,1000,989,9,FWD,N - Passenger Van,5333,1920,1890,Small Passenger Van,https://ev-database.org/car/2259/Peugeot-e-Traveller-L3-75-kWh,19.3523904,3.513777812,9.143,7.437383791
Polestar,2 Long Range Dual Motor (MY26),205,79.0,324.0,740,455,4.5,125.0,CCS,1500,407,5,AWD,D - Large,4606,1859,1479,Liftback Sedan,https://ev-database.org/car/3152/Polestar-2-Long-Range-Dual-Motor,12.66401737,6.238146847,7.944,9.944612286
Polestar,2 Long Range Performance (MY26),205,79.0,324.0,740,450,4.2,125.0,CCS,1500,407,5,AWD,D - Large,4606,1859,1473,Liftback Sedan,https://ev-database.org/car/3153/Polestar-2-Long-Range-Performance,12.61264204,6.263556814,7.938,9.952129
Polestar,2 Long Range Single Motor (MY26),205,79.0,324.0,490,475,6.2,125.0,CCS,1500,407,5,RWD,D - Large,4606,1859,1479,Liftback Sedan,https://ev-database.org/car/3151/Polestar-2-Long-Range-Single-Motor,12.66401737,6.238146847,7.944,9.944612286
Polestar,2 Standard Range Single Motor (MY26),205,67.0,290.0,490,405,6.4,110.0,CCS,1500,407,5,RWD,D - Large,4606,1859,1479,Liftback Sedan,https://ev-database.org/car/3150/Polestar-2-Standard-Range-Single-Motor,12.66401737,5.290580237,7.944,8.434038268
Polestar,3 Long Range Dual motor,210,107.0,204.0,840,515,5.0,150.0,CCS,2200,484,5,AWD,JE - Executive,4900,1968,1614,SUV,https://ev-database.org/car/1758/Polestar-3-Long-Range-Dual-motor,15.5641248,6.874784247,8.482,12.6149493
Polestar,3 Long Range Performance,210,107.0,204.0,910,495,4.7,150.0,CCS,2200,484,5,AWD,JE - Executive,4900,1968,1614,SUV,https://ev-database.org/car/1759/Polestar-3-Long-Range-Performance,15.5641248,6.874784247,8.482,12.6149493
Polestar,3 Long Range Single motor,180,107.0,204.0,490,530,7.8,150.0,CCS,1500,484,5,RWD,JE - Executive,4900,1968,1614,SUV,https://ev-database.org/car/2229/Polestar-3-Long-Range-Single-motor,15.5641248,6.874784247,8.482,12.6149493
Polestar,4 Long Range Dual Motor,200,94.0,110.0,686,485,3.8,135.0,CCS,2000,526,5,AWD,E - Executive,4839,2008,1544,Liftback Sedan,https://ev-database.org/car/1842/Polestar-4-Long-Range-Dual-Motor,15.00260333,6.265579243,8.391,11.20247885
Polestar,4 Long Range Single Motor,180,94.0,110.0,343,495,7.4,135.0,CCS,1500,526,5,RWD,E - Executive,4839,2008,1544,Liftback Sedan,https://ev-database.org/car/1841/Polestar-4-Long-Range-Single-Motor,15.00260333,6.265579243,8.391,11.20247885
Porsche,Macan 4 Electric,220,95.0,180.0,650,470,5.2,200.0,CCS,2000,540,5,AWD,JD - Large,4784,1938,1622,SUV,https://ev-database.org/car/2084/Porsche-Macan-4-Electric,15.03819782,6.317246329,8.344,11.38542665
Porsche,Macan 4S Electric,240,95.0,180.0,820,470,4.1,200.0,CCS,2000,540,5,AWD,JD - Large,4784,1938,1622,SUV,https://ev-database.org/car/2244/Porsche-Macan-4S-Electric,15.03819782,6.317246329,8.344,11.38542665
Porsche,Macan Electric,220,95.0,180.0,563,495,5.7,200.0,CCS,2000,540,5,RWD,JD - Large,4784,1938,1623,SUV,https://ev-database.org/car/2083/Porsche-Macan-Electric,15.04746922,6.313354002,8.345,11.38406231
Porsche,Macan Turbo Electric,260,95.0,180.0,1001,460,3.3,200.0,CCS,2000,480,5,AWD,JD - Large,4784,1938,1621,SUV,https://ev-database.org/car/2085/Porsche-Macan-Turbo-Electric,15.02892643,6.321143458,8.343,11.38679132
Porsche,Taycan,230,82.0,1700.0,410,495,4.8,195.0,CCS,0,407,5,RWD,F - Luxury,4963,1966,1379,Sedan,https://ev-database.org/car/2098/Porsche-Taycan,13.45525878,6.094271491,8.308,9.870004815
Porsche,Taycan 4,230,82.0,1065.0,585,490,4.6,195.0,CCS,0,407,5,AWD,F - Luxury,4963,1966,1379,Sedan,https://ev-database.org/car/3060/Porsche-Taycan-4,13.45525878,6.094271491,8.308,9.870004815
Porsche,Taycan 4 Cross Turismo,220,97.0,396.0,610,510,4.7,281.0,CCS,0,446,5,AWD,F - Luxury,4974,1967,1409,Station/Estate,https://ev-database.org/car/2110/Porsche-Taycan-4-Cross-Turismo,13.78545592,7.036401302,8.35,11.61676647
Porsche,Taycan 4 Plus,230,97.0,396.0,610,565,4.6,281.0,CCS,0,407,5,AWD,F - Luxury,4963,1966,1379,Sedan,https://ev-database.org/car/3061/Porsche-Taycan-4-Plus,13.45525878,7.209077252,8.308,11.6754935
Porsche,Taycan 4S,250,82.0,1826.0,695,490,3.7,195.0,CCS,0,407,5,AWD,F - Luxury,4963,1966,1379,Sedan,https://ev-database.org/car/2100/Porsche-Taycan-4S,13.45525878,6.094271491,8.308,9.870004815
Porsche,Taycan 4S Cross Turismo,240,97.0,396.0,710,510,3.8,281.0,CCS,0,446,5,AWD,F - Luxury,4974,1967,1409,Station/Estate,https://ev-database.org/car/2111/Porsche-Taycan-4S-Cross-Turismo,13.78545592,7.036401302,8.35,11.61676647
Porsche,Taycan 4S Plus,250,97.0,396.0,710,565,3.7,281.0,CCS,0,407,5,AWD,F - Luxury,4963,1966,1379,Sedan,https://ev-database.org/car/2101/Porsche-Taycan-4S-Plus,13.45525878,7.209077252,8.308,11.6754935
Porsche,Taycan 4S Plus Sport Turismo,250,97.0,396.0,710,510,3.7,281.0,CCS,0,446,5,AWD,F - Luxury,4963,1966,1390,Station/Estate,https://ev-database.org/car/2107/Porsche-Taycan-4S-Plus-Sport-Turismo,13.56258862,7.152027,8.319,11.6600553
Porsche,Taycan 4S Sport Turismo,250,82.0,1824.0,695,440,3.7,195.0,CCS,0,446,5,AWD,F - Luxury,4963,1966,1390,Station/Estate,https://ev-database.org/car/2106/Porsche-Taycan-4S-Sport-Turismo,13.56258862,6.046043443,8.319,9.856953961
Porsche,Taycan GTS,250,97.0,396.0,790,535,3.3,281.0,CCS,0,366,5,AWD,F - Luxury,4963,1966,1381,Sedan,https://ev-database.org/car/3062/Porsche-Taycan-GTS,13.4747733,7.198636879,8.31,11.67268351
Porsche,Taycan GTS Sport Turismo,250,97.0,396.0,790,505,3.3,281.0,CCS,0,405,5,AWD,F - Luxury,4963,1966,1392,Station/Estate,https://ev-database.org/car/3063/Porsche-Taycan-GTS-Sport-Turismo,13.58210314,7.141751099,8.321,11.65725273
Porsche,Taycan Plus,230,97.0,396.0,420,575,4.8,281.0,CCS,0,407,5,RWD,F - Luxury,4963,1966,1379,Sedan,https://ev-database.org/car/2099/Porsche-Taycan-Plus,13.45525878,7.209077252,8.308,11.6754935
Porsche,Taycan Plus Sport Turismo,230,97.0,396.0,420,530,4.8,281.0,CCS,0,446,5,RWD,F - Luxury,4963,1966,1390,Station/Estate,https://ev-database.org/car/2105/Porsche-Taycan-Plus-Sport-Turismo,13.56258862,7.152027,8.319,11.6600553
Porsche,Taycan Sport Turismo,230,82.0,1700.0,410,460,4.8,195.0,CCS,0,446,5,RWD,F - Luxury,4963,1966,1390,Station/Estate,https://ev-database.org/car/2104/Porsche-Taycan-Sport-Turismo,13.56258862,6.046043443,8.319,9.856953961
Porsche,Taycan Turbo,260,97.0,396.0,940,535,2.7,281.0,CCS,0,366,5,AWD,F - Luxury,4963,1966,1379,Sedan,https://ev-database.org/car/2102/Porsche-Taycan-Turbo,13.45525878,7.209077252,8.308,11.6754935
Porsche,Taycan Turbo Cross Turismo,250,97.0,396.0,940,495,2.8,281.0,CCS,0,405,5,AWD,F - Luxury,4974,1967,1412,Station/Estate,https://ev-database.org/car/2112/Porsche-Taycan-Turbo-Cross-Turismo,13.8148075,7.021451441,8.353,11.61259428
Porsche,Taycan Turbo GT,290,97.0,396.0,1340,475,2.3,281.0,CCS,0,326,5,AWD,F - Luxury,4968,1966,1378,Sedan,https://ev-database.org/car/2144/Porsche-Taycan-Turbo-GT,13.45904726,7.207048025,8.312,11.66987488
Porsche,Taycan Turbo GT Weissach,305,97.0,396.0,1340,475,2.2,281.0,CCS,0,367,2,AWD,F - Luxury,4968,1966,1378,Sedan,https://ev-database.org/car/2145/Porsche-Taycan-Turbo-GT-Weissach,13.45904726,7.207048025,8.312,11.66987488
Porsche,Taycan Turbo S,260,97.0,396.0,1110,525,2.4,281.0,CCS,0,366,5,AWD,F - Luxury,4963,1966,1378,Sedan,https://ev-database.org/car/2103/Porsche-Taycan-Turbo-S,13.44550152,7.214308803,8.307,11.676899
Porsche,Taycan Turbo S Cross Turismo,250,97.0,396.0,1110,485,2.5,281.0,CCS,0,405,5,AWD,F - Luxury,4974,1967,1407,Station/Estate,https://ev-database.org/car/2113/Porsche-Taycan-Turbo-S-Cross-Turismo,13.76588821,7.046403294,8.348,11.61954959
Porsche,Taycan Turbo S Sport Turismo,260,97.0,396.0,1110,505,2.4,281.0,CCS,0,405,5,AWD,F - Luxury,4963,1966,1388,Station/Estate,https://ev-database.org/car/2109/Porsche-Taycan-Turbo-S-Sport-Turismo,13.5430741,7.162332514,8.317,11.6628592
Porsche,Taycan Turbo Sport Turismo,260,97.0,396.0,940,505,2.7,281.0,CCS,0,405,5,AWD,F - Luxury,4963,1966,1392,Station/Estate,https://ev-database.org/car/2108/Porsche-Taycan-Turbo-Sport-Turismo,13.58210314,7.141751099,8.321,11.65725273
Renault,4 E-Tech 40kWh 120hp,150,40.0,93.0,225,245,9.2,55.0,CCS,750,420,5,FWD,JB - Compact,4143,1796,1552,SUV,https://ev-database.org/car/3126/Renault-4-E-Tech-40kWh-120hp,11.54816506,3.463753748,7.491,5.339741023
Renault,4 E-Tech 52kWh 150hp,150,52.0,184.0,245,315,8.2,70.0,CCS,750,420,5,FWD,JB - Compact,4143,1796,1552,SUV,https://ev-database.org/car/3127/Renault-4-E-Tech-52kWh-150hp,11.54816506,4.502879873,7.491,6.941663329
Renault,5 E-Tech 40kWh 120hp,150,40.0,93.0,225,250,9.0,55.0,CCS,500,326,5,FWD,B - Compact,3922,1808,1489,Hatchback,https://ev-database.org/car/2134/Renault-5-E-Tech-40kWh-120hp,10.55846326,3.788430096,7.219,5.540933647
Renault,5 E-Tech 52kWh 150hp,150,52.0,184.0,245,320,8.0,70.0,CCS,500,326,5,FWD,B - Compact,3922,1808,1489,Hatchback,https://ev-database.org/car/2135/Renault-5-E-Tech-52kWh-150hp,10.55846326,4.924959125,7.219,7.203213742
Renault,Kangoo E-Tech Electric,135,45.0,3596.0,245,225,12.6,50.0,CCS,1500,950,5,FWD,N - Passenger Van,4486,1860,1838,Small Passenger Van,https://ev-database.org/car/1802/Renault-Kangoo-E-Tech-Electric,15.33619848,2.934234325,8.184,5.498533724
Renault,Kangoo Grand E-Tech Electric,130,45.0,257.0,245,220,13.3,50.0,CCS,1500,500,7,FWD,N - Passenger Van,4911,1860,1815,Small Passenger Van,https://ev-database.org/car/2043/Renault-Kangoo-Grand-E-Tech-Electric,16.5790449,2.714269747,8.586,5.241090147
Renault,Megane E-Tech EV60 130hp (TU2025),150,60.0,288.0,250,380,10.5,88.0,CCS,500,440,5,FWD,C - Medium,4200,1860,1505,Hatchback,https://ev-database.org/car/3131/Renault-Megane-E-Tech-EV60-130hp,11.75706,5.103316645,7.565,7.931262393
Renault,Megane E-Tech EV60 220hp (TU2025),160,60.0,288.0,300,380,7.4,88.0,CCS,900,440,5,FWD,C - Medium,4200,1860,1505,Hatchback,https://ev-database.org/car/3132/Renault-Megane-E-Tech-EV60-220hp,11.75706,5.103316645,7.565,7.931262393
Renault,Scenic E-Tech EV60 170hp,150,60.0,192.0,280,340,8.6,75.0,CCS,1100,545,5,FWD,JC - Medium,4470,1864,1571,SUV,https://ev-database.org/car/2068/Renault-Scenic-E-Tech-EV60-170hp,13.08969768,4.583757507,7.905,7.590132827
Renault,Scenic E-Tech EV87 220hp,170,87.0,288.0,300,480,7.9,95.0,CCS,1100,545,5,FWD,JC - Medium,4470,1864,1571,SUV,https://ev-database.org/car/2069/Renault-Scenic-E-Tech-EV87-220hp,13.08969768,6.646448385,7.905,11.0056926
Rolls-Royce,Spectre,250,102.0,2503.0,900,465,4.5,126.0,CCS,864,380,4,AWD,I - Luxury,5453,2080,1559,Coupe,https://ev-database.org/car/1765/Rolls-Royce-Spectre,17.68255216,5.768398084,9.092,11.21865376
Skoda,Elroq 50,160,52.0,192.0,310,310,9.0,90.0,CCS,1000,470,5,RWD,JC - Medium,4488,1884,1625,SUV,https://ev-database.org/car/3031/Skoda-Elroq-50,13.740012,3.784567291,7.997,6.502438414
Skoda,Elroq 60,160,59.0,216.0,310,350,8.5,110.0,CCS,1000,470,5,RWD,JC - Medium,4488,1884,1625,SUV,https://ev-database.org/car/3032/Skoda-Elroq-60,13.740012,4.294028273,7.997,7.377766662
Skoda,Elroq 85,180,77.0,288.0,545,450,6.6,120.0,CCS,1000,470,5,RWD,JC - Medium,4488,1884,1625,SUV,https://ev-database.org/car/3033/Skoda-Elroq-85,13.740012,5.604070797,7.997,9.628610729
Skoda,Elroq RS,180,79.0,288.0,679,450,5.4,135.0,CCS,1200,470,5,AWD,JC - Medium,4488,1884,1608,SUV,https://ev-database.org/car/3183/Skoda-Elroq-RS,13.59627034,5.810416978,7.98,9.899749373
Skoda,Enyaq 60,160,59.0,216.0,310,360,8.1,110.0,CCS,1000,585,5,RWD,JC - Medium,4658,1879,1622,SUV,https://ev-database.org/car/3096/Skoda-Enyaq-60,14.1963636,4.155993862,8.159,7.231278343
Skoda,Enyaq 85,180,77.0,288.0,545,455,6.7,120.0,CCS,1000,585,5,RWD,JC - Medium,4658,1879,1622,SUV,https://ev-database.org/car/3097/Skoda-Enyaq-85,14.1963636,5.423924193,8.159,9.437431058
Skoda,Enyaq 85x,180,77.0,288.0,679,450,6.7,120.0,CCS,1200,585,5,AWD,JC - Medium,4658,1879,1620,SUV,https://ev-database.org/car/3098/Skoda-Enyaq-85x,14.17885884,5.430620395,8.157,9.439745004
Skoda,Enyaq Coupe 60,160,59.0,216.0,310,370,8.1,110.0,CCS,1000,570,5,RWD,JC - Medium,4658,1879,1623,SUV,https://ev-database.org/car/3099/Skoda-Enyaq-Coupe-60,14.20511599,4.153433176,8.16,7.230392157
Skoda,Enyaq Coupe 85,180,77.0,288.0,545,470,6.7,120.0,CCS,1000,570,5,RWD,JC - Medium,4658,1879,1623,SUV,https://ev-database.org/car/3100/Skoda-Enyaq-Coupe-85,14.20511599,5.42058228,8.16,9.43627451
Skoda,Enyaq Coupe 85x,180,77.0,288.0,679,460,6.7,120.0,CCS,1200,570,5,AWD,JC - Medium,4658,1879,1621,SUV,https://ev-database.org/car/3101/Skoda-Enyaq-Coupe-85x,14.18761122,5.427270229,8.158,9.438587889
Skoda,Enyaq Coupe RS,180,79.0,288.0,679,470,5.4,135.0,CCS,1200,570,5,AWD,JC - Medium,4660,1879,1608,SUV,https://ev-database.org/car/3185/Skoda-Enyaq-Coupe-RS,14.07987312,5.610846016,8.147,9.696820916
Skoda,Enyaq RS,180,79.0,288.0,679,460,5.4,135.0,CCS,1200,585,5,AWD,JC - Medium,4660,1879,1607,SUV,https://ev-database.org/car/3184/Skoda-Enyaq-RS,14.07111698,5.614337519,8.146,9.698011294
Skywell,BE11 Long Range,150,81.0,1647.0,320,390,9.6,50.0,CCS,786,467,5,FWD,JD - Large,4720,1908,1696,SUV,https://ev-database.org/car/3065/Skywell-BE11-Long-Range,15.27376896,5.303209719,8.324,9.730898606
Skywell,BE11 Standard Range,150,68.0,1647.0,320,330,9.6,50.0,CCS,1036,467,5,FWD,JD - Large,4720,1908,1696,SUV,https://ev-database.org/car/3064/Skywell-BE11-Standard-Range,15.27376896,4.452077295,8.324,8.169149447
Smart,#1 Brabus,180,62.0,295.0,584,325,3.9,100.0,CCS,1600,313,5,AWD,JB - Compact,4300,1822,1636,SUV,https://ev-database.org/car/1748/Smart-1-Brabus,12.8174056,4.837172353,7.758,7.991750451
Smart,#1 Premium,180,62.0,305.0,343,335,6.7,100.0,CCS,1600,323,5,RWD,JB - Compact,4270,1822,1636,SUV,https://ev-database.org/car/2053/Smart-1-Premium,12.72798184,4.87115717,7.728,8.022774327
Smart,#1 Pro,180,47.0,134.0,343,250,6.7,65.0,CCS,0,323,5,RWD,JB - Compact,4270,1822,1636,SUV,https://ev-database.org/car/2041/Smart-1-Pro,12.72798184,3.692651403,7.728,6.081780538
Smart,#1 Pro+,180,62.0,305.0,343,335,6.7,100.0,CCS,1600,323,5,RWD,JB - Compact,4270,1822,1636,SUV,https://ev-database.org/car/1667/Smart-1-Proplus,12.72798184,4.87115717,7.728,8.022774327
Smart,#1 Pulse,180,62.0,295.0,584,325,4.5,100.0,CCS,1600,313,5,AWD,JB - Compact,4300,1822,1636,SUV,https://ev-database.org/car/1920/Smart-1-Pulse,12.8174056,4.837172353,7.758,7.991750451
Smart,#1 Pure,180,47.0,134.0,343,250,6.7,65.0,CCS,0,323,5,RWD,JB - Compact,4270,1822,1636,SUV,https://ev-database.org/car/2217/Smart-1-Pure,12.72798184,3.692651403,7.728,6.081780538
Smart,#1 Pure+,180,62.0,305.0,343,335,6.7,100.0,CCS,1600,323,5,RWD,JB - Compact,4270,1822,1636,SUV,https://ev-database.org/car/2218/Smart-1-Pureplus,12.72798184,4.87115717,7.728,8.022774327
Smart,#3 Brabus,180,62.0,314.0,543,335,3.7,100.0,CCS,1600,370,5,AWD,JB - Compact,4400,1844,1556,SUV,https://ev-database.org/car/2000/Smart-3-Brabus,12.6247616,4.910983824,7.8,7.948717949
Smart,#3 Premium,180,62.0,343.0,343,355,5.8,110.0,CCS,1600,370,5,RWD,JB - Compact,4400,1844,1556,SUV,https://ev-database.org/car/2054/Smart-3-Premium,12.6247616,4.910983824,7.8,7.948717949
Smart,#3 Pro,180,47.0,148.0,343,265,5.9,65.0,CCS,0,370,5,RWD,JB - Compact,4400,1844,1556,SUV,https://ev-database.org/car/2052/Smart-3-Pro,12.6247616,3.722842576,7.8,6.025641026
Smart,#3 Pro+,180,62.0,343.0,343,355,5.8,110.0,CCS,1600,370,5,RWD,JB - Compact,4400,1844,1556,SUV,https://ev-database.org/car/1999/Smart-3-Proplus,12.6247616,4.910983824,7.8,7.948717949
Smart,#5 Brabus,210,94.0,2492.0,710,450,3.8,230.0,CCS,1600,630,5,AWD,JD - Large,4695,1920,1705,SUV,https://ev-database.org/car/3179/Smart-5-Brabus,15.369552,6.115988286,8.32,11.29807692
Smart,#5 Premium,200,94.0,2377.0,373,465,6.5,230.0,CCS,1600,630,5,RWD,JD - Large,4695,1920,1705,SUV,https://ev-database.org/car/3143/Smart-5-Premium,15.369552,6.115988286,8.32,11.29807692
Smart,#5 Pro,200,74.0,2377.0,373,370,6.9,110.0,CCS,1600,630,5,RWD,JD - Large,4695,1920,1705,SUV,https://ev-database.org/car/3141/Smart-5-Pro,15.369552,4.814714183,8.32,8.894230769
Smart,#5 Pro+,200,94.0,2377.0,373,465,6.5,230.0,CCS,1600,630,5,RWD,JD - Large,4695,1920,1705,SUV,https://ev-database.org/car/3142/Smart-5-Proplus,15.369552,6.115988286,8.32,11.29807692
Smart,#5 Pulse,200,94.0,2451.0,643,455,4.9,230.0,CCS,1600,630,5,AWD,JD - Large,4695,1920,1705,SUV,https://ev-database.org/car/3144/Smart-5-Pulse,15.369552,6.115988286,8.32,11.29807692
Smart,#5 Summit Edition,200,94.0,2451.0,643,455,4.9,230.0,CCS,1600,630,5,AWD,JD - Large,4695,1920,1705,SUV,https://ev-database.org/car/3145/Smart-5-Summit-Edition,15.369552,6.115988286,8.32,11.29807692
Subaru,Solterra AWD,160,64.0,96.0,336,320,6.9,100.0,CCS,750,441,5,AWD,JC - Medium,4690,1860,1650,SUV,https://ev-database.org/car/1567/Subaru-Solterra-AWD,14.39361,4.446417542,8.2,7.804878049
Tesla,Model 3 Long Range AWD (Highland),201,75.0,4416.0,493,525,4.4,124.0,CCS,1000,594,5,AWD,D - Large,4720,1849,1441,Sedan,https://ev-database.org/car/1992/Tesla-Model-3-Long-Range-AWD,12.57601048,5.963735488,8.01,9.36329588
Tesla,Model 3 Long Range RWD (Highland),201,75.0,4416.0,450,545,5.2,124.0,CCS,1000,594,5,RWD,D - Large,4720,1849,1441,Sedan,https://ev-database.org/car/3034/Tesla-Model-3-Long-Range-RWD,12.57601048,5.963735488,8.01,9.36329588
Tesla,Model 3 Performance (Highland),262,75.0,4416.0,741,490,3.2,124.0,CCS,0,594,5,AWD,D - Large,4720,1849,1431,Sedan,https://ev-database.org/car/2188/Tesla-Model-3-Performance,12.48873768,6.005410789,8.0,9.375
Tesla,Model 3 RWD (Highland CATL LFP64),201,60.0,1406.0,420,445,6.1,110.0,CCS,1000,594,5,RWD,D - Large,4720,1849,1441,Sedan,https://ev-database.org/car/3186/Tesla-Model-3-RWD,12.57601048,4.770988391,8.01,7.490636704
Tesla,Model S Dual Motor,250,95.0,7920.0,506,575,3.2,140.0,CCS,1600,709,5,AWD,F - Luxury,5021,1987,1431,Liftback Sedan,https://ev-database.org/car/1404/Tesla-Model-S-Dual-Motor,14.27669634,6.654200507,8.439,11.25725797
Tesla,Model S Plaid,282,95.0,7920.0,506,560,2.3,140.0,CCS,1600,709,5,AWD,F - Luxury,5021,1987,1431,Liftback Sedan,https://ev-database.org/car/1405/Tesla-Model-S-Plaid,14.27669634,6.654200507,8.439,11.25725797
Tesla,Model X Dual Motor,250,95.0,7920.0,432,485,3.9,140.0,CCS,2250,425,7,AWD,JF - Luxury,5057,1999,1680,SUV,https://ev-database.org/car/1407/Tesla-Model-X-Dual-Motor,16.98302424,5.593821139,8.736,10.87454212
Tesla,Model X Plaid,262,95.0,7920.0,432,465,2.7,140.0,CCS,2250,425,7,AWD,JF - Luxury,5057,1999,1680,SUV,https://ev-database.org/car/1408/Tesla-Model-X-Plaid,16.98302424,5.593821139,8.736,10.87454212
Tesla,Model Y Long Range AWD (Juniper),201,75.0,4416.0,493,455,4.8,124.0,CCS,1600,854,5,AWD,JD - Large,4790,1982,1624,SUV,https://ev-database.org/car/3104/Tesla-Model-Y-Long-Range-AWD,15.41789872,4.864476111,8.396,8.932825155
Tesla,Model Y Long Range RWD (Juniper),201,75.0,4416.0,450,470,5.6,124.0,CCS,1600,854,5,RWD,JD - Large,4790,1982,1624,SUV,https://ev-database.org/car/3120/Tesla-Model-Y-Long-Range-RWD,15.41789872,4.864476111,8.396,8.932825155
Tesla,Model Y RWD (Juniper),201,60.0,3594.0,420,375,5.9,110.0,CCS,1600,854,5,RWD,JD - Large,4790,1982,1624,SUV,https://ev-database.org/car/3103/Tesla-Model-Y-RWD,15.41789872,3.891580889,8.396,7.146260124
Toyota,PROACE Verso L 75 kWh,130,68.0,324.0,260,260,13.3,79.0,CCS,1000,989,9,FWD,N - Passenger Van,5333,1920,1890,Small Passenger Van,https://ev-database.org/car/2267/Toyota-PROACE-Verso-L-75-kWh,19.3523904,3.513777812,9.143,7.437383791
Toyota,PROACE Verso M 50 kWh,130,46.0,216.0,260,180,12.1,78.0,CCS,1000,603,9,FWD,N - Passenger Van,4983,1920,1890,Small Passenger Van,https://ev-database.org/car/2264/Toyota-PROACE-Verso-M-50-kWh,18.0823104,2.543922706,8.793,5.231434095
Toyota,PROACE Verso M 75 kWh,130,68.0,324.0,260,260,13.3,79.0,CCS,1000,603,9,FWD,N - Passenger Van,4983,1920,1890,Small Passenger Van,https://ev-database.org/car/2266/Toyota-PROACE-Verso-M-75-kWh,18.0823104,3.760581391,8.793,7.733424315
Toyota,Proace City Verso Electric L1 50 kWh,132,50.0,180.0,260,235,11.7,80.0,CCS,750,775,5,FWD,N - Passenger Van,4403,1921,1803,Small Passenger Van,https://ev-database.org/car/2165/Toyota-Proace-City-Verso-Electric-L1-50-kWh,15.25006789,3.278673929,8.127,6.152331734
Toyota,Proace City Verso Electric L2 50 kWh,132,50.0,278.0,260,230,11.7,80.0,CCS,750,1050,7,FWD,N - Passenger Van,4753,1921,1814,Small Passenger Van,https://ev-database.org/car/2166/Toyota-Proace-City-Verso-Electric-L2-50-kWh,16.56275058,3.018822251,8.488,5.89066918
Toyota,bZ4X AWD,160,64.0,96.0,336,345,6.9,100.0,CCS,750,452,5,AWD,JC - Medium,4690,1860,1600,SUV,https://ev-database.org/car/1565/Toyota-bZ4X-AWD,13.95744,4.58536809,8.15,7.852760736
Toyota,bZ4X FWD,160,64.0,96.0,265,350,7.5,100.0,CCS,750,452,5,FWD,JC - Medium,4690,1860,1600,SUV,https://ev-database.org/car/1564/Toyota-bZ4X-FWD,13.95744,4.58536809,8.15,7.852760736
VinFast,VF 8 Eco Extended Range,200,88.0,290.0,500,405,5.9,120.0,CCS,1800,376,5,AWD,JD - Large,4750,1934,1667,SUV,https://ev-database.org/car/1807/VinFast-VF-8-Eco-Extended-Range,15.3138955,5.746415078,8.351,10.53766016
VinFast,VF 8 Plus Extended Range,200,88.0,297.0,620,400,5.5,120.0,CCS,1800,376,5,AWD,JD - Large,4750,1934,1667,SUV,https://ev-database.org/car/1809/VinFast-VF-8-Plus-Extended-Range,15.3138955,5.746415078,8.351,10.53766016
Volkswagen,ID. Buzz LWB GTX,160,86.0,312.0,560,350,6.5,145.0,CCS,1600,1340,7,AWD,N - Passenger Van,4960,1985,1927,Small Passenger Van,https://ev-database.org/car/2157/Volkswagen-ID-Buzz-LWB-GTX-,18.9724712,4.532883413,8.872,9.693417493
Volkswagen,ID. Buzz LWB Pro,160,86.0,312.0,560,370,7.9,145.0,CCS,1000,1340,7,RWD,N - Passenger Van,4962,1985,1924,Small Passenger Van,https://ev-database.org/car/2154/Volkswagen-ID-Buzz-LWB-Pro,18.95057268,4.538121431,8.871,9.694510202
Volkswagen,ID. Buzz NWB GTX,160,79.0,288.0,560,330,6.5,135.0,CCS,1800,1121,6,AWD,N - Passenger Van,4712,1985,1925,Small Passenger Van,https://ev-database.org/car/2156/Volkswagen-ID-Buzz-NWB-GTX,18.005141,4.387635731,8.622,9.162607284
Volkswagen,ID. Buzz NWB Pro,160,79.0,288.0,560,360,7.6,135.0,CCS,1200,1121,6,RWD,N - Passenger Van,4712,1985,1927,Small Passenger Van,https://ev-database.org/car/2232/Volkswagen-ID-Buzz-NWB-Pro,18.02384764,4.38308188,8.624,9.160482375
Volkswagen,ID. Buzz NWB Pure,145,59.0,216.0,310,275,10.7,110.0,CCS,1000,1121,6,RWD,N - Passenger Van,4712,1985,1927,Small Passenger Van,https://ev-database.org/car/3119/Volkswagen-ID-Buzz-NWB-Pure,18.02384764,3.273440898,8.624,6.841372913
Volkswagen,ID.3 GTX,180,79.0,288.0,545,470,5.9,135.0,CCS,0,385,5,RWD,C - Medium,4322,1809,1538,Hatchback,https://ev-database.org/car/2152/Volkswagen-ID3-GTX,12.02484992,6.569728562,7.669,10.30121267
Volkswagen,ID.3 GTX Performance,200,79.0,288.0,545,465,5.6,135.0,CCS,0,385,5,RWD,C - Medium,4322,1809,1538,Hatchback,https://ev-database.org/car/2153/Volkswagen-ID3-GTX-Performance,12.02484992,6.569728562,7.669,10.30121267
Volkswagen,ID.3 Pro,160,59.0,216.0,310,365,7.6,110.0,CCS,0,385,5,RWD,C - Medium,4264,1809,1564,Hatchback,https://ev-database.org/car/2213/Volkswagen-ID3-Pro,12.06403286,4.890570232,7.637,7.725546681
Volkswagen,ID.3 Pro S,160,77.0,288.0,310,465,7.1,120.0,CCS,0,385,5,RWD,C - Medium,4264,1809,1564,Hatchback,https://ev-database.org/car/2210/Volkswagen-ID3-Pro-S,12.06403286,6.382608608,7.637,10.08249313
Volkswagen,ID.3 Pure,160,52.0,192.0,310,325,8.2,90.0,CCS,0,385,5,RWD,C - Medium,4264,1809,1564,Hatchback,https://ev-database.org/car/2214/Volkswagen-ID3-Pure,12.06403286,4.310333086,7.637,6.808956396
Volkswagen,ID.4 GTX,180,77.0,288.0,679,420,5.4,120.0,CCS,1200,543,5,AWD,JC - Medium,4584,1852,1631,SUV,https://ev-database.org/car/2030/Volkswagen-ID4-GTX,13.84648541,5.560977947,8.067,9.545060121
Volkswagen,ID.4 Pro,180,77.0,288.0,545,445,6.7,120.0,CCS,1000,543,5,RWD,JC - Medium,4584,1852,1631,SUV,https://ev-database.org/car/2028/Volkswagen-ID4-Pro,13.84648541,5.560977947,8.067,9.545060121
Volkswagen,ID.4 Pro 4MOTION,180,77.0,288.0,679,435,6.6,120.0,CCS,1200,543,5,AWD,JC - Medium,4584,1852,1631,SUV,https://ev-database.org/car/2029/Volkswagen-ID4-Pro-4MOTION,13.84648541,5.560977947,8.067,9.545060121
Volkswagen,ID.4 Pure,160,52.0,192.0,310,285,9.0,87.0,CCS,1000,543,5,RWD,JC - Medium,4584,1852,1640,SUV,https://ev-database.org/car/2027/Volkswagen-ID4-Pure,13.92289152,3.734856364,8.076,6.438831105
Volkswagen,ID.5 GTX,180,77.0,288.0,679,430,5.5,120.0,CCS,1200,549,5,AWD,JC - Medium,4599,1852,1615,SUV,https://ev-database.org/car/2033/Volkswagen-ID5-GTX,13.75551702,5.597753969,8.066,9.546243491
Volkswagen,ID.5 Pro,180,77.0,288.0,545,460,6.7,120.0,CCS,1000,549,5,RWD,JC - Medium,4599,1852,1615,SUV,https://ev-database.org/car/2031/Volkswagen-ID5-Pro,13.75551702,5.597753969,8.066,9.546243491
Volkswagen,ID.5 Pure,160,52.0,288.0,310,320,8.9,87.0,CCS,1000,549,5,RWD,JC - Medium,4599,1852,1615,SUV,https://ev-database.org/car/3080/Volkswagen-ID5-Pure,13.75551702,3.780301382,8.066,6.446813786
Volkswagen,ID.7 GTX,180,86.0,312.0,560,500,5.4,145.0,CCS,1200,532,5,AWD,E - Executive,4961,1862,1536,Liftback Sedan,https://ev-database.org/car/2216/Volkswagen-ID7-GTX,14.18861875,6.061196055,8.359,10.288312
Volkswagen,ID.7 Pro,180,77.0,288.0,550,475,6.5,125.0,CCS,1000,532,5,RWD,E - Executive,4961,1862,1536,Liftback Sedan,https://ev-database.org/car/1839/Volkswagen-ID7-Pro,14.18861875,5.42688484,8.359,9.211628185
Volkswagen,ID.7 Pro S,180,86.0,312.0,550,525,6.6,145.0,CCS,1000,532,5,RWD,E - Executive,4961,1862,1536,Liftback Sedan,https://ev-database.org/car/1840/Volkswagen-ID7-Pro-S,14.18861875,6.061196055,8.359,10.288312
Volkswagen,ID.7 Tourer GTX,180,86.0,312.0,560,500,5.5,145.0,CCS,1200,605,5,AWD,E - Executive,4961,1862,1536,Station/Estate,https://ev-database.org/car/2158/Volkswagen-ID7-Tourer-GTX,14.18861875,6.061196055,8.359,10.288312
Volkswagen,ID.7 Tourer Pro,180,77.0,288.0,550,470,6.6,125.0,CCS,1000,605,5,RWD,E - Executive,4961,1862,1536,Station/Estate,https://ev-database.org/car/2118/Volkswagen-ID7-Tourer-Pro,14.18861875,5.42688484,8.359,9.211628185
Volkswagen,ID.7 Tourer Pro S,180,86.0,312.0,550,520,6.7,145.0,CCS,1000,605,5,RWD,E - Executive,4961,1862,1536,Station/Estate,https://ev-database.org/car/2119/Volkswagen-ID7-Tourer-Pro-S,14.18861875,6.061196055,8.359,10.288312
Volvo,EC40 Single Motor (MY26),180,67.0,279.0,420,360,7.3,110.0,CCS,1500,404,5,RWD,JC - Medium,4440,1873,1596,SUV,https://ev-database.org/car/3154/Volvo-EC40-Single-Motor,13.27252752,5.048021178,7.909,8.47136174
Volvo,EC40 Single Motor ER (MY26),180,79.0,324.0,420,420,7.3,125.0,CCS,1500,404,5,RWD,JC - Medium,4440,1873,1596,SUV,https://ev-database.org/car/3155/Volvo-EC40-Single-Motor-ER,13.27252752,5.952144373,7.909,9.988620559
Volvo,EC40 Twin Motor (MY26),180,79.0,324.0,670,400,4.8,125.0,CCS,1800,404,5,AWD,JC - Medium,4440,1873,1596,SUV,https://ev-database.org/car/3156/Volvo-EC40-Twin-Motor,13.27252752,5.952144373,7.909,9.988620559
Volvo,EC40 Twin Motor Performance (MY26),180,79.0,324.0,670,400,4.6,125.0,CCS,1800,404,5,AWD,JC - Medium,4440,1873,1596,SUV,https://ev-database.org/car/3157/Volvo-EC40-Twin-Motor-Performance,13.27252752,5.952144373,7.909,9.988620559
Volvo,ES90 Single Motor (MY26),180,88.0,279.0,480,485,6.9,190.0,CCS,1600,446,5,RWD,F - Luxury,5000,1942,1546,Liftback Sedan,https://ev-database.org/car/3128/Volvo-ES90-Single-Motor,15.01166,5.862109853,8.488,10.36757776
Volvo,ES90 Twin Motor (MY26),180,102.0,150.0,670,530,5.5,225.0,CCS,2000,446,5,AWD,F - Luxury,5000,1942,1546,Liftback Sedan,https://ev-database.org/car/3129/Volvo-ES90-Twin-Motor,15.01166,6.794718239,8.488,12.01696513
Volvo,ES90 Twin Motor Performance (MY26),180,102.0,159.0,870,530,4.0,225.0,CCS,2000,446,5,AWD,F - Luxury,5000,1942,1546,Liftback Sedan,https://ev-database.org/car/3130/Volvo-ES90-Twin-Motor-Performance,15.01166,6.794718239,8.488,12.01696513
Volvo,EX30 Cross Country (MY26),180,65.0,287.0,543,330,3.7,114.0,CCS,1600,318,5,AWD,JB - Compact,4233,1837,1573,SUV,https://ev-database.org/car/3118/Volvo-EX30-Cross-Country,12.23168103,5.314069246,7.643,8.504513934
Volvo,EX30 Single Motor (MY24-26),180,49.0,242.0,343,275,5.7,80.0,CCS,1000,318,5,RWD,JB - Compact,4233,1837,1549,SUV,https://ev-database.org/car/1909/Volvo-EX30-Single-Motor,12.04505653,4.068058949,7.619,6.431290196
Volvo,EX30 Single Motor ER (MY24-26),180,65.0,305.0,343,365,5.3,113.0,CCS,1600,318,5,RWD,JB - Compact,4233,1837,1549,SUV,https://ev-database.org/car/1910/Volvo-EX30-Single-Motor-ER,12.04505653,5.396404728,7.619,8.531303321
Volvo,EX30 Twin Motor Performance (MY24-26),180,65.0,287.0,543,340,3.6,113.0,CCS,1600,318,5,AWD,JB - Compact,4233,1837,1549,SUV,https://ev-database.org/car/1911/Volvo-EX30-Twin-Motor-Performance,12.04505653,5.396404728,7.619,8.531303321
Volvo,EX40 Single Motor (MY26),180,67.0,321.0,420,345,7.3,110.0,CCS,1500,410,5,RWD,JC - Medium,4440,1863,1652,SUV,https://ev-database.org/car/3158/Volvo-EX40-Single-Motor,13.66488144,4.903079496,7.955,8.422375864
Volvo,EX40 Single Motor ER (MY26),180,79.0,324.0,420,400,7.3,125.0,CCS,1500,410,5,RWD,JC - Medium,4440,1863,1652,SUV,https://ev-database.org/car/3159/Volvo-EX40-Single-Motor-ER,13.66488144,5.781242987,7.955,9.930861094
Volvo,EX40 Twin Motor (MY26),180,79.0,324.0,670,385,4.8,125.0,CCS,1800,410,5,AWD,JC - Medium,4440,1863,1652,SUV,https://ev-database.org/car/3160/Volvo-EX40-Twin-Motor,13.66488144,5.781242987,7.955,9.930861094
Volvo,EX40 Twin Motor Performance (MY26),180,79.0,324.0,670,385,4.6,125.0,CCS,1800,410,5,AWD,JC - Medium,4440,1863,1652,SUV,https://ev-database.org/car/3161/Volvo-EX40-Twin-Motor-Performance,13.66488144,5.781242987,7.955,9.930861094
Volvo,EX90 Single Motor (MY24-26),180,100.0,192.0,490,460,8.4,140.0,CCS,1200,310,7,RWD,JF - Luxury,5037,1964,1744,SUV,https://ev-database.org/car/1950/Volvo-EX90-Single-Motor,17.25281299,5.796156258,8.745,11.43510577
Volvo,EX90 Twin Motor (MY24-26),180,107.0,204.0,770,470,5.9,150.0,CCS,2200,310,7,AWD,JF - Luxury,5037,1964,1744,SUV,https://ev-database.org/car/1775/Volvo-EX90-Twin-Motor,17.25281299,6.201887197,8.745,12.23556318
Volvo,EX90 Twin Motor Performance (MY24-26),180,107.0,204.0,910,455,4.9,150.0,CCS,2200,310,7,AWD,JF - Luxury,5037,1964,1744,SUV,https://ev-database.org/car/1776/Volvo-EX90-Twin-Motor-Performance,17.25281299,6.201887197,8.745,12.23556318
Voyah,Free 106 kWh,200,100.0,129.0,720,480,4.4,80.0,CCS,2000,550,5,AWD,JE - Executive,4905,1950,1645,SUV,https://ev-database.org/car/2049/Voyah-Free-106-kWh,15.73401375,6.355657341,8.5,11.76470588
XPENG,G6 AWD Performance,200,88.0,242.0,660,475,4.1,180.0,CCS,1500,571,5,AWD,JD - Large,4753,1920,1650,SUV,https://ev-database.org/car/2183/XPENG-G6-AWD-Performance,15.057504,5.844262103,8.323,10.57311066
XPENG,G6 RWD Long Range,200,88.0,229.0,440,480,6.7,180.0,CCS,1500,571,5,RWD,JD - Large,4753,1920,1650,SUV,https://ev-database.org/car/2182/XPENG-G6-RWD-Long-Range,15.057504,5.844262103,8.323,10.57311066
XPENG,G6 RWD Standard Range,200,66.0,229.0,440,370,6.9,140.0,CCS,1500,571,5,RWD,JD - Large,4753,1920,1650,SUV,https://ev-database.org/car/2181/XPENG-G6-RWD-Standard-Range,15.057504,4.383196578,8.323,7.929832993
XPENG,G9 AWD Performance,200,93.0,2451.0,717,465,3.9,224.0,CCS,1500,660,5,AWD,JE - Executive,4891,1937,1670,SUV,https://ev-database.org/car/1826/XPENG-G9-AWD-Performance,15.82135789,5.878130098,8.498,10.94375147
XPENG,G9 RWD Long Range,200,93.0,2391.0,430,480,6.4,224.0,CCS,1500,660,5,RWD,JE - Executive,4891,1937,1670,SUV,https://ev-database.org/car/1825/XPENG-G9-RWD-Long-Range,15.82135789,5.878130098,8.498,10.94375147
XPENG,G9 RWD Standard Range,200,76.0,2391.0,430,395,6.4,170.0,CCS,1500,660,5,RWD,JE - Executive,4891,1937,1680,SUV,https://ev-database.org/car/1824/XPENG-G9-RWD-Standard-Range,15.91609656,4.775040143,8.508,8.932769158
XPENG,P7 AWD Performance,200,83.0,1824.0,757,460,4.1,138.0,CCS,0,440,5,AWD,E - Executive,4888,1896,1450,Sedan,https://ev-database.org/car/1822/XPENG-P7-AWD-Performance,13.4380896,6.17647318,8.234,10.08015545
XPENG,P7 RWD Long Range,200,83.0,1727.0,440,495,6.7,138.0,CCS,0,440,5,RWD,E - Executive,4888,1896,1450,Sedan,https://ev-database.org/car/1821/XPENG-P7-RWD-Long-Range,13.4380896,6.17647318,8.234,10.08015545
XPENG,P7 Wing Edition,200,83.0,1824.0,757,455,4.1,138.0,CCS,0,440,5,AWD,E - Executive,4888,1896,1450,Sedan,https://ev-database.org/car/1823/XPENG-P7-Wing-Edition,13.4380896,6.17647318,8.234,10.08015545
Zeekr,001 Long Range RWD,200,94.0,110.0,343,505,7.2,135.0,CCS,1500,539,5,RWD,E - Executive,4955,1999,1560,Liftback Sedan,https://ev-database.org/car/1933/Zeekr-001-Long-Range-RWD,15.4518702,6.083406007,8.514,11.04063895
Zeekr,001 Performance AWD,200,94.0,110.0,686,480,3.8,135.0,CCS,2000,539,5,AWD,E - Executive,4955,1999,1560,Liftback Sedan,https://ev-database.org/car/1934/Zeekr-001-Performance-AWD,15.4518702,6.083406007,8.514,11.04063895
Zeekr,001 Privilege AWD,200,94.0,110.0,686,480,3.8,135.0,CCS,2000,539,5,AWD,E - Executive,4955,1999,1548,Liftback Sedan,https://ev-database.org/car/1935/Zeekr-001-Privilege-AWD,15.33300966,6.130564193,8.502,11.05622207
Zeekr,7X Long Range RWD,210,94.0,151.0,440,475,6.0,260.0,CCS,2000,539,5,RWD,JD - Large,4787,1930,1650,SUV,https://ev-database.org/car/3082/Zeekr-7X-Long-Range-RWD,15.2442015,6.166279027,8.367,11.23461217
Zeekr,7X Performance AWD,210,94.0,129.0,710,450,3.8,260.0,CCS,2000,539,5,AWD,JD - Large,4787,1930,1650,SUV,https://ev-database.org/car/3083/Zeekr-7X-Performance-AWD,15.2442015,6.166279027,8.367,11.23461217
Zeekr,7X Premium RWD,210,71.0,151.0,440,365,6.0,240.0,CCS,2000,539,5,RWD,JD - Large,4787,1930,1650,SUV,https://ev-database.org/car/3081/Zeekr-7X-Premium-RWD,15.2442015,4.657508627,8.367,8.4857177
Zeekr,X Core RWD (MY25),190,49.0,343.0,343,265,5.9,70.0,CCS,1600,362,5,RWD,JB - Compact,4432,1836,1566,SUV,https://ev-database.org/car/3197/Zeekr-X-Core-RWD,12.74278003,3.845314749,7.834,6.254786827
Zeekr,X Long Range RWD (MY25),190,65.0,343.0,343,360,5.6,114.0,CCS,1600,362,5,RWD,JB - Compact,4432,1836,1566,SUV,https://ev-database.org/car/3198/Zeekr-X-Long-Range-RWD,12.74278003,5.100927728,7.834,8.297166199
Zeekr,X Privilege AWD (MY25),190,65.0,287.0,543,350,3.8,114.0,CCS,1600,362,5,AWD,JB - Compact,4432,1836,1566,SUV,https://ev-database.org/car/3199/Zeekr-X-Privilege-AWD,12.74278003,5.100927728,7.834,8.297166199
firefly,,150,41.0,112.0,200,250,8.1,65.0,CCS,0,404,5,RWD,B - Compact,4003,1885,1557,Hatchback,https://ev-database.org/car/3178/firefly-firefly,11.74858484,3.48978201,7.445,5.507051713
Kia,EV3 Standard Range (MY27),170,55.0,250.0,283,325,7.5,100.0,CCS,750,460,5,,,4300,1850,1560,,https://ev-database.org/car/3637/Kia-EV3-Standard-Range,12.4098,4.431981176167223,7.71,7.133592736705578
Kia,EV3 Long Range (MY27),170,78.0,250.0,283,455,7.7,135.0,CCS,1000,460,5,,,4300,1850,1560,,https://ev-database.org/car/3638/Kia-EV3-Long-Range,12.4098,6.285355122564424,7.71,10.116731517509727
Kia,EV2 42.2 kWh (MY27),161,41.0,250.0,250,240,8.5,115.0,CCS,750,362,5,,,4060,1800,1575,,https://ev-database.org/car/3490/Kia-EV2-422-kWh,11.5101,3.5620889479674376,7.435,5.514458641560188
Kia,EV2 61 kWh (MY27),161,58.0,250.0,250,340,9.5,115.0,CCS,750,362,5,,,4060,1800,1575,,https://ev-database.org/car/3491/Kia-EV2-61-kWh,11.5101,5.039052658100277,7.435,7.8009414929388035
Hyundai,IONIQ 3 42.2 kWh (MY27),167,41.0,250.0,250,265,8.8,119.0,CCS,750,441,5,,,4155,1800,1505,,https://ev-database.org/car/3554/Hyundai-IONIQ-3-422-kWh,11.255895,3.642535755708453,7.46,5.49597855227882
Hyundai,IONIQ 3 61 kWh (MY27),167,58.0,250.0,250,375,8.8,119.0,CCS,750,441,5,,,4155,1800,1505,,https://ev-database.org/car/3555/Hyundai-IONIQ-3-61-kWh,11.255895,5.1528554592948845,7.46,7.774798927613941
Hyundai,Kona Electric 64.8 kWh (MY26),172,64.8,112.0,255,385,8.1,94.0,CCS,750,466,5,,,4355,1825,1575,,https://ev-database.org/car/3463/Hyundai-Kona-Electric-648-kWh,12.517903125,5.17658583493791,7.755,8.355899419729207
Hyundai,IONIQ 6 63 kWh RWD (MY26),185,60.0,288.0,350,420,8.3,195.0,CCS,750,401,5,,,4925,1880,1495,,https://ev-database.org/car/3438/Hyundai-IONIQ-6-63-kWh-RWD,13.842205,4.334569528481914,8.3,7.228915662650602
Hyundai,IONIQ 6 84 kWh RWD (MY26),185,80.0,288.0,350,545,7.4,263.0,CCS,1500,401,5,,,4925,1880,1495,,https://ev-database.org/car/3439/Hyundai-IONIQ-6-84-kWh-RWD,13.842205,5.779426037975886,8.3,9.638554216867467
Hyundai,STARIA Electric 84 kWh (MY27),184,80.0,,350,310,9.5,256.0,CCS,2000,831,9,,,5253,1997,1990,,https://ev-database.org/car/3724/Hyundai-STARIA-Electric-84-kWh,20.87557959,3.8322289283082847,9.24,8.658008658008658
Renault,5 E-Tech 37kWh 110hp (MY27),135,36.5,,175,245,10.1,,CCS,500,326,5,,,3922,1808,1498,,https://ev-database.org/car/3708/Renault-5-E-Tech-37kWh-110hp,10.622282048,3.436173115632186,7.228,5.0498063087991145
Renault,5 E-Tech 40kWh 120hp (MY27),150,40.0,184.0,225,265,9.0,80.0,CCS,500,326,5,,,3922,1808,1498,,https://ev-database.org/car/3709/Renault-5-E-Tech-40kWh-120hp,10.622282048,3.7656691678160943,7.228,5.534034311012729
Renault,5 E-Tech 52kWh 150hp (MY27),150,52.0,184.0,245,345,8.0,101.0,CCS,500,326,5,,,3922,1808,1498,,https://ev-database.org/car/3710/Renault-5-E-Tech-52kWh-150hp,10.622282048,4.895369918160923,7.228,7.194244604316547
Škoda,Epiq 35 (MY27),150,37.5,,267,235,11.0,50.0,CCS,500,475,5,,,4171,1798,1581,,https://ev-database.org/car/3620/Skoda-Epiq-35,11.856643098,3.162783908568992,7.55,4.966887417218543
Škoda,Epiq 55 (MY27),160,51.7,,290,320,7.1,105.0,CCS,1200,475,5,,,4171,1798,1581,,https://ev-database.org/car/3622/Skoda-Epiq-55,11.856643098,4.360424748613784,7.55,6.847682119205299
Škoda,Elroq 60 (MY27),160,58.0,,350,345,8.5,105.0,CCS,1000,470,5,,,4488,1884,1625,,https://ev-database.org/car/3565/Skoda-Elroq-60,13.740012,4.221248132825503,7.997,7.252719769913718
Škoda,Enyaq Coupe 85x (MY27),180,77.0,,679,465,6.3,165.0,CCS,2000,570,5,,,4658,1879,1621,,https://ev-database.org/car/3575/Skoda-Enyaq-Coupe-85x,14.187611222,5.427270228592116,8.158,9.438587889188527
Audi,Q4 e-tron (MY27),160,59.0,,350,340,8.1,160.0,CCS,1000,515,5,,,4603,1865,1632,,https://ev-database.org/car/3587/Audi-Q4-e-tron,14.01005904,4.211259912006766,8.1,7.283950617283951
Audi,Q4 e-tron quattro (MY27),180,77.0,,484,410,6.2,165.0,CCS,1200,515,5,,,4603,1865,1632,,https://ev-database.org/car/3589/Audi-Q4-e-tron-quattro,14.01005904,5.496051071602051,8.1,9.506172839506172
